Data_padrao;Regiao;Valor
2004-01-01;Nordeste;3719426.79
2004-01-01;Norte;1795206.56
2004-01-01;Sistemas Isolados;537166.3300000001
2004-01-01;Sudeste/C.Oeste;16416445.299999999
2004-01-01;Sul;4510113.04
2004-01-01;TOTAL BRASIL;26978358.020000007
2004-02-01;Nordeste;3444707.48
2004-02-01;Norte;1707570.83
2004-02-01;Sistemas Isolados;515912.1499999999
2004-02-01;Sudeste/C.Oeste;16149752.450000001
2004-02-01;Sul;4690227.859999999
2004-02-01;TOTAL BRASIL;26508170.77
2004-03-01;Nordeste;3629039.56
2004-03-01;Norte;1815858.3800000001
2004-03-01;Sistemas Isolados;525471.52
2004-03-01;Sudeste/C.Oeste;16415189.549999999
2004-03-01;Sul;4898770.4
2004-03-01;TOTAL BRASIL;27284329.409999996
2004-04-01;Nordeste;3733031.14
2004-04-01;Norte;1813827.84
2004-04-01;Sistemas Isolados;538284.47
2004-04-01;Sudeste/C.Oeste;17087727.760999996
2004-04-01;Sul;4873311.140000001
2004-04-01;TOTAL BRASIL;28046182.351
2004-05-01;Nordeste;3671927.0600000005
2004-05-01;Norte;1864450.35
2004-05-01;Sistemas Isolados;536324.74
2004-05-01;Sudeste/C.Oeste;16448778.17
2004-05-01;Sul;4723026.16
2004-05-01;TOTAL BRASIL;27244506.479999993
2004-06-01;Nordeste;3678192.44
2004-06-01;Norte;1855964.81
2004-06-01;Sistemas Isolados;539349.62
2004-06-01;Sudeste/C.Oeste;16452891.049999997
2004-06-01;Sul;4556563.56
2004-06-01;TOTAL BRASIL;27082961.479999997
2004-07-01;Nordeste;3633963.6
2004-07-01;Norte;1880414.32
2004-07-01;Sistemas Isolados;552987.79
2004-07-01;Sudeste/C.Oeste;16679846.070000002
2004-07-01;Sul;4598792.890000001
2004-07-01;TOTAL BRASIL;27346004.67
2004-08-01;Nordeste;3680491.54
2004-08-01;Norte;1955054.8199999998
2004-08-01;Sistemas Isolados;559476.95
2004-08-01;Sudeste/C.Oeste;16808652.04
2004-08-01;Sul;4653182.4399999995
2004-08-01;TOTAL BRASIL;27656857.789999995
2004-09-01;Nordeste;3823779.5800000005
2004-09-01;Norte;1877031.9300000002
2004-09-01;Sistemas Isolados;583883.24
2004-09-01;Sudeste/C.Oeste;17293344.91
2004-09-01;Sul;4654411.58
2004-09-01;TOTAL BRASIL;28232451.24000001
2004-10-01;Nordeste;3870290.34
2004-10-01;Norte;1934410.53
2004-10-01;Sistemas Isolados;605454.49
2004-10-01;Sudeste/C.Oeste;17555268.079999994
2004-10-01;Sul;4590697.5
2004-10-01;TOTAL BRASIL;28556120.939999994
2004-11-01;Nordeste;3961920.5500000003
2004-11-01;Norte;1895128.83
2004-11-01;Sistemas Isolados;598478.6199999999
2004-11-01;Sudeste/C.Oeste;17382176.82
2004-11-01;Sul;4529419.23
2004-11-01;TOTAL BRASIL;28367124.049999993
2004-12-01;Nordeste;4011821.3599999994
2004-12-01;Norte;1921259.3699999999
2004-12-01;Sistemas Isolados;603585.3500000001
2004-12-01;Sudeste/C.Oeste;17360225.99
2004-12-01;Sul;4665214.36
2004-12-01;TOTAL BRASIL;28562106.43
2005-01-01;Nordeste;4017487.2300000004
2005-01-01;Norte;1890933.12
2005-01-01;Sistemas Isolados;577924.4600000001
2005-01-01;Sudeste/C.Oeste;17079676.441
2005-01-01;Sul;4809416.19
2005-01-01;TOTAL BRASIL;28375437.441
2005-02-01;Nordeste;3827106.55
2005-02-01;Norte;1785180.3199999998
2005-02-01;Sistemas Isolados;557547.97
2005-02-01;Sudeste/C.Oeste;16702060.269999998
2005-02-01;Sul;4966585.859999999
2005-02-01;TOTAL BRASIL;27838480.970000003
2005-03-01;Nordeste;3936071.8500000006
2005-03-01;Norte;1884708.76
2005-03-01;Sistemas Isolados;568773.58
2005-03-01;Sudeste/C.Oeste;17139204.108999997
2005-03-01;Sul;5069873.21
2005-03-01;TOTAL BRASIL;28598631.508999996
2005-04-01;Nordeste;3951642.6799999992
2005-04-01;Norte;1828608.4500000002
2005-04-01;Sistemas Isolados;575803.98
2005-04-01;Sudeste/C.Oeste;18002438.66
2005-04-01;Sul;4997008.14
2005-04-01;TOTAL BRASIL;29355501.910000008
2005-05-01;Nordeste;3976607.7600000002
2005-05-01;Norte;1905814.4700000002
2005-05-01;Sistemas Isolados;572978.74
2005-05-01;Sudeste/C.Oeste;17226929.06
2005-05-01;Sul;4799820.58
2005-05-01;TOTAL BRASIL;28482150.609999996
2005-06-01;Nordeste;3811735.57
2005-06-01;Norte;1890130.05
2005-06-01;Sistemas Isolados;593222.6
2005-06-01;Sudeste/C.Oeste;17270769.91
2005-06-01;Sul;4760323.789999999
2005-06-01;TOTAL BRASIL;28326181.920000013
2005-07-01;Nordeste;3873384.61
2005-07-01;Norte;1913977.65
2005-07-01;Sistemas Isolados;604373.03
2005-07-01;Sudeste/C.Oeste;17206019.77
2005-07-01;Sul;4724562.06
2005-07-01;TOTAL BRASIL;28322317.11999999
2005-08-01;Nordeste;3953202.0500000003
2005-08-01;Norte;1941091.23
2005-08-01;Sistemas Isolados;599991.8099999999
2005-08-01;Sudeste/C.Oeste;17526410.728999995
2005-08-01;Sul;4743658.99
2005-08-01;TOTAL BRASIL;28764354.809000008
2005-09-01;Nordeste;3993509.4999999995
2005-09-01;Norte;1914331.77
2005-09-01;Sistemas Isolados;637941.1599999999
2005-09-01;Sudeste/C.Oeste;18135214.410000004
2005-09-01;Sul;4654131.24
2005-09-01;TOTAL BRASIL;29335128.080000013
2005-10-01;Nordeste;4056076.6100000003
2005-10-01;Norte;1984394.72
2005-10-01;Sistemas Isolados;634364.3
2005-10-01;Sudeste/C.Oeste;17801714.07
2005-10-01;Sul;4668762.35
2005-10-01;TOTAL BRASIL;29145312.05000001
2005-11-01;Nordeste;4133520.65
2005-11-01;Norte;1961497.8099999998
2005-11-01;Sistemas Isolados;639584.3999999999
2005-11-01;Sudeste/C.Oeste;17804671.93
2005-11-01;Sul;4748342.43
2005-11-01;TOTAL BRASIL;29287617.219999995
2005-12-01;Nordeste;4144830.61
2005-12-01;Norte;2044857.0
2005-12-01;Sistemas Isolados;616390.6599999999
2005-12-01;Sudeste/C.Oeste;17750324.92
2005-12-01;Sul;4948742.880000002
2005-12-01;TOTAL BRASIL;29505146.070000004
2006-01-01;Nordeste;4096942.4999999995
2006-01-01;Norte;1983974.69
2006-01-01;Sistemas Isolados;573677.52
2006-01-01;Sudeste/C.Oeste;17298716.14
2006-01-01;Sul;4927599.7700000005
2006-01-01;TOTAL BRASIL;28880910.62
2006-02-01;Nordeste;3946336.1799999997
2006-02-01;Norte;1845538.12
2006-02-01;Sistemas Isolados;572318.23
2006-02-01;Sudeste/C.Oeste;17832071.64
2006-02-01;Sul;5187222.33
2006-02-01;TOTAL BRASIL;29383486.499999993
2006-03-01;Nordeste;4159994.68
2006-03-01;Norte;1997492.42
2006-03-01;Sistemas Isolados;573765.3300000001
2006-03-01;Sudeste/C.Oeste;17955065.909999996
2006-03-01;Sul;5211509.389999999
2006-03-01;TOTAL BRASIL;29897827.73
2006-04-01;Nordeste;4031775.27
2006-04-01;Norte;1979412.75
2006-04-01;Sistemas Isolados;593408.75
2006-04-01;Sudeste/C.Oeste;18220813.37
2006-04-01;Sul;5062542.87
2006-04-01;TOTAL BRASIL;29887953.009999998
2006-05-01;Nordeste;3975978.0000000005
2006-05-01;Norte;2002934.46
2006-05-01;Sistemas Isolados;583257.27
2006-05-01;Sudeste/C.Oeste;17555727.83
2006-05-01;Sul;4807141.0
2006-05-01;TOTAL BRASIL;28925038.559999995
2006-06-01;Nordeste;3941535.74
2006-06-01;Norte;2006597.46
2006-06-01;Sistemas Isolados;597955.3600000001
2006-06-01;Sudeste/C.Oeste;17642923.27
2006-06-01;Sul;4879785.7700000005
2006-06-01;TOTAL BRASIL;29068797.599999994
2006-07-01;Nordeste;3907604.2199999997
2006-07-01;Norte;2057708.8099999998
2006-07-01;Sistemas Isolados;622175.53
2006-07-01;Sudeste/C.Oeste;17678947.569999997
2006-07-01;Sul;4847373.099999999
2006-07-01;TOTAL BRASIL;29113809.229999993
2006-08-01;Nordeste;4055590.75
2006-08-01;Norte;2119573.2600000002
2006-08-01;Sistemas Isolados;630911.04
2006-08-01;Sudeste/C.Oeste;18122199.999999996
2006-08-01;Sul;4957961.01
2006-08-01;TOTAL BRASIL;29886236.06
2006-09-01;Nordeste;4079746.0900000003
2006-09-01;Norte;2099682.81
2006-09-01;Sistemas Isolados;673535.88
2006-09-01;Sudeste/C.Oeste;18222163.329000004
2006-09-01;Sul;4841502.43
2006-09-01;TOTAL BRASIL;29916630.53900001
2006-10-01;Nordeste;4240864.72
2006-10-01;Norte;2156880.4099999997
2006-10-01;Sistemas Isolados;659544.73
2006-10-01;Sudeste/C.Oeste;18233850.960000005
2006-10-01;Sul;4852384.500000001
2006-10-01;TOTAL BRASIL;30143525.320000004
2006-11-01;Nordeste;4260667.199999999
2006-11-01;Norte;2097589.05
2006-11-01;Sistemas Isolados;661747.29
2006-11-01;Sudeste/C.Oeste;18467168.559999995
2006-11-01;Sul;5043949.260000001
2006-11-01;TOTAL BRASIL;30531121.359999992
2006-12-01;Nordeste;4224038.25
2006-12-01;Norte;2133465.21
2006-12-01;Sistemas Isolados;644480.99
2006-12-01;Sudeste/C.Oeste;18417119.310000002
2006-12-01;Sul;5074875.269999999
2006-12-01;TOTAL BRASIL;30493979.03000001
2007-01-01;Nordeste;4293362.0
2007-01-01;Norte;2129379.0
2007-01-01;Sistemas Isolados;610999.0
2007-01-01;Sudeste/C.Oeste;18462535.0
2007-01-01;Sul;5203429.0
2007-01-01;TOTAL BRASIL;30699704.0
2007-02-01;Nordeste;4072821.0
2007-02-01;Norte;1965130.0
2007-02-01;Sistemas Isolados;613674.0
2007-02-01;Sudeste/C.Oeste;18321107.0
2007-02-01;Sul;5351937.0
2007-02-01;TOTAL BRASIL;30324669.0
2007-03-01;Nordeste;4116069.0
2007-03-01;Norte;2091436.0
2007-03-01;Sistemas Isolados;613844.0
2007-03-01;Sudeste/C.Oeste;19067492.0
2007-03-01;Sul;5424059.0
2007-03-01;TOTAL BRASIL;31312900.0
2007-04-01;Nordeste;4245411.0
2007-04-01;Norte;2088417.0
2007-04-01;Sistemas Isolados;632726.0
2007-04-01;Sudeste/C.Oeste;19659531.0
2007-04-01;Sul;5404659.0
2007-04-01;TOTAL BRASIL;32030744.0
2007-05-01;Nordeste;4227316.0
2007-05-01;Norte;2172209.0
2007-05-01;Sistemas Isolados;637929.0
2007-05-01;Sudeste/C.Oeste;19125622.0
2007-05-01;Sul;5219841.0
2007-05-01;TOTAL BRASIL;31382917.0
2007-06-01;Nordeste;4203769.0
2007-06-01;Norte;2138391.0
2007-06-01;Sistemas Isolados;649524.0
2007-06-01;Sudeste/C.Oeste;18660469.0
2007-06-01;Sul;5114607.0
2007-06-01;TOTAL BRASIL;30766760.0
2007-07-01;Nordeste;4229714.0
2007-07-01;Norte;2187175.0
2007-07-01;Sistemas Isolados;640495.0
2007-07-01;Sudeste/C.Oeste;18386017.0
2007-07-01;Sul;5056898.0
2007-07-01;TOTAL BRASIL;30500299.0
2007-08-01;Nordeste;4283116.0
2007-08-01;Norte;2234128.0
2007-08-01;Sistemas Isolados;659124.0
2007-08-01;Sudeste/C.Oeste;18810120.0
2007-08-01;Sul;5194645.0
2007-08-01;TOTAL BRASIL;31181133.0
2007-09-01;Nordeste;4255922.0
2007-09-01;Norte;2180370.0
2007-09-01;Sistemas Isolados;690497.0
2007-09-01;Sudeste/C.Oeste;19451106.0
2007-09-01;Sul;5157841.0
2007-09-01;TOTAL BRASIL;31735736.0
2007-10-01;Nordeste;4508399.0
2007-10-01;Norte;2260957.0
2007-10-01;Sistemas Isolados;692060.0
2007-10-01;Sudeste/C.Oeste;19433925.0
2007-10-01;Sul;5240394.0
2007-10-01;TOTAL BRASIL;32135735.0
2007-11-01;Nordeste;4586600.0
2007-11-01;Norte;2221822.0
2007-11-01;Sistemas Isolados;703637.0
2007-11-01;Sudeste/C.Oeste;19847522.0
2007-11-01;Sul;5294910.0
2007-11-01;TOTAL BRASIL;32654491.0
2007-12-01;Nordeste;4616989.0
2007-12-01;Norte;2252062.0
2007-12-01;Sistemas Isolados;682025.0
2007-12-01;Sudeste/C.Oeste;19420687.0
2007-12-01;Sul;5333163.0
2007-12-01;TOTAL BRASIL;32304926.0
2008-01-01;Nordeste;4589009.0
2008-01-01;Norte;2176344.27
2008-01-01;Sistemas Isolados;643748.0
2008-01-01;Sudeste/C.Oeste;18955767.0
2008-01-01;Sul;5491078.0
2008-01-01;TOTAL BRASIL;31855946.27
2008-02-01;Nordeste;4439813.0
2008-02-01;Norte;2062094.65
2008-02-01;Sistemas Isolados;632555.0
2008-02-01;Sudeste/C.Oeste;18906931.0
2008-02-01;Sul;5689547.0
2008-02-01;TOTAL BRASIL;31730940.65
2008-03-01;Nordeste;4467010.0
2008-03-01;Norte;2169059.86
2008-03-01;Sistemas Isolados;643022.0
2008-03-01;Sudeste/C.Oeste;19115789.0
2008-03-01;Sul;5723834.0
2008-03-01;TOTAL BRASIL;32118714.86
2008-04-01;Nordeste;4400292.0
2008-04-01;Norte;2116218.29
2008-04-01;Sistemas Isolados;652059.0
2008-04-01;Sudeste/C.Oeste;19179743.0
2008-04-01;Sul;5604344.0
2008-04-01;TOTAL BRASIL;31952656.29
2008-05-01;Nordeste;4535807.0
2008-05-01;Norte;2173036.3899999997
2008-05-01;Sistemas Isolados;674466.0
2008-05-01;Sudeste/C.Oeste;19534316.0
2008-05-01;Sul;5382338.0
2008-05-01;TOTAL BRASIL;32299963.39
2008-06-01;Nordeste;4346576.0
2008-06-01;Norte;2211337.79
2008-06-01;Sistemas Isolados;677641.0
2008-06-01;Sudeste/C.Oeste;19139152.0
2008-06-01;Sul;5368281.0
2008-06-01;TOTAL BRASIL;31742987.79
2008-07-01;Nordeste;4398138.0
2008-07-01;Norte;2273269.0300000003
2008-07-01;Sistemas Isolados;675002.0
2008-07-01;Sudeste/C.Oeste;19384916.0
2008-07-01;Sul;5419027.0
2008-07-01;TOTAL BRASIL;32150352.03
2008-08-01;Nordeste;4451699.0
2008-08-01;Norte;2297753.63
2008-08-01;Sistemas Isolados;731190.0
2008-08-01;Sudeste/C.Oeste;20012703.0
2008-08-01;Sul;5520183.0
2008-08-01;TOTAL BRASIL;33013528.63
2008-09-01;Nordeste;4524420.0
2008-09-01;Norte;2310178.69
2008-09-01;Sistemas Isolados;754347.0
2008-09-01;Sudeste/C.Oeste;19962392.0
2008-09-01;Sul;5412749.0
2008-09-01;TOTAL BRASIL;32964086.69
2008-10-01;Nordeste;4722599.0
2008-10-01;Norte;2385308.38
2008-10-01;Sistemas Isolados;740672.0
2008-10-01;Sudeste/C.Oeste;20343736.0
2008-10-01;Sul;5481462.0
2008-10-01;TOTAL BRASIL;33673777.379999995
2008-11-01;Nordeste;4646554.0
2008-11-01;Norte;2278182.51
2008-11-01;Sistemas Isolados;754472.0
2008-11-01;Sudeste/C.Oeste;20289873.0
2008-11-01;Sul;5441085.0
2008-11-01;TOTAL BRASIL;33410166.509999998
2008-12-01;Nordeste;4604250.0
2008-12-01;Norte;2270448.49
2008-12-01;Sistemas Isolados;704255.0
2008-12-01;Sudeste/C.Oeste;18614294.0
2008-12-01;Sul;5366031.0
2008-12-01;TOTAL BRASIL;31559278.490000002
2009-01-01;Nordeste;4411351.0
2009-01-01;Norte;2258573.0
2009-01-01;Sistemas Isolados;660399.0
2009-01-01;Sudeste/C.Oeste;18056866.799999997
2009-01-01;Sul;5279472.0
2009-01-01;TOTAL BRASIL;30666661.8
2009-02-01;Nordeste;4290763.0
2009-02-01;Norte;1979238.0
2009-02-01;Sistemas Isolados;641064.0
2009-02-01;Sudeste/C.Oeste;18118937.71
2009-02-01;Sul;5465140.0
2009-02-01;TOTAL BRASIL;30495142.71
2009-03-01;Nordeste;4528036.0
2009-03-01;Norte;2109772.0
2009-03-01;Sistemas Isolados;642350.0
2009-03-01;Sudeste/C.Oeste;18954979.509999998
2009-03-01;Sul;5742612.0
2009-03-01;TOTAL BRASIL;31977749.51
2009-04-01;Nordeste;4464527.0
2009-04-01;Norte;2106575.0
2009-04-01;Sistemas Isolados;662345.0
2009-04-01;Sudeste/C.Oeste;19137789.8
2009-04-01;Sul;5671556.0
2009-04-01;TOTAL BRASIL;32042792.8
2009-05-01;Nordeste;4290163.0
2009-05-01;Norte;2150750.0
2009-05-01;Sistemas Isolados;678973.0
2009-05-01;Sudeste/C.Oeste;18559126.9
2009-05-01;Sul;5266440.0
2009-05-01;TOTAL BRASIL;30945452.900000002
2009-06-01;Nordeste;4259862.0
2009-06-01;Norte;2182941.0
2009-06-01;Sistemas Isolados;681152.0
2009-06-01;Sudeste/C.Oeste;18330171.95
2009-06-01;Sul;5261043.0
2009-06-01;TOTAL BRASIL;30715169.95
2009-07-01;Nordeste;4354335.0
2009-07-01;Norte;2254448.0
2009-07-01;Sistemas Isolados;678137.0
2009-07-01;Sudeste/C.Oeste;18723026.23
2009-07-01;Sul;5315045.0
2009-07-01;TOTAL BRASIL;31324991.23
2009-08-01;Nordeste;4563834.0
2009-08-01;Norte;2279943.0
2009-08-01;Sistemas Isolados;739357.0
2009-08-01;Sudeste/C.Oeste;19286883.6
2009-08-01;Sul;5392188.0
2009-08-01;TOTAL BRASIL;32262205.6
2009-09-01;Nordeste;4646286.0
2009-09-01;Norte;2271616.0
2009-09-01;Sistemas Isolados;760014.0
2009-09-01;Sudeste/C.Oeste;19676125.810000002
2009-09-01;Sul;5362624.0
2009-09-01;TOTAL BRASIL;32716665.810000002
2009-10-01;Nordeste;4828396.0
2009-10-01;Norte;2310492.0
2009-10-01;Sistemas Isolados;783998.0
2009-10-01;Sudeste/C.Oeste;20055697.14
2009-10-01;Sul;5440950.0
2009-10-01;TOTAL BRASIL;33419533.139999997
2009-11-01;Nordeste;4770153.0
2009-11-01;Norte;2287224.0
2009-11-01;Sistemas Isolados;578759.0
2009-11-01;Sudeste/C.Oeste;20388868.2
2009-11-01;Sul;5591816.0
2009-11-01;TOTAL BRASIL;33616820.2
2009-12-01;Nordeste;5031179.0
2009-12-01;Norte;2292493.0
2009-12-01;Sistemas Isolados;568805.0
2009-12-01;Sudeste/C.Oeste;20491334.7
2009-12-01;Sul;5739383.0
2009-12-01;TOTAL BRASIL;34123194.7
2010-01-01;Nordeste;4776266.35
2010-01-01;Norte;2304691.0
2010-01-01;Sistemas Isolados;530184.75
2010-01-01;Sudeste/C.Oeste;19950612.3
2010-01-01;Sul;5798706.31
2010-01-01;TOTAL BRASIL;33360460.71
2010-02-01;Nordeste;4706249.0
2010-02-01;Norte;2153625.0
2010-02-01;Sistemas Isolados;522359.75
2010-02-01;Sudeste/C.Oeste;20368177.0
2010-02-01;Sul;5979347.0
2010-02-01;TOTAL BRASIL;33729757.75
2010-03-01;Nordeste;5165046.0
2010-03-01;Norte;2347780.0
2010-03-01;Sistemas Isolados;519973.82
2010-03-01;Sudeste/C.Oeste;20884097.0
2010-03-01;Sul;6199985.0
2010-03-01;TOTAL BRASIL;35116881.82
2010-04-01;Nordeste;4940166.0
2010-04-01;Norte;2309802.0
2010-04-01;Sistemas Isolados;569974.49
2010-04-01;Sudeste/C.Oeste;21223655.0
2010-04-01;Sul;5982263.0
2010-04-01;TOTAL BRASIL;35025860.489999995
2010-05-01;Nordeste;4997391.0
2010-05-01;Norte;2373574.0
2010-05-01;Sistemas Isolados;555372.0
2010-05-01;Sudeste/C.Oeste;20639740.0
2010-05-01;Sul;5730901.0
2010-05-01;TOTAL BRASIL;34296978.0
2010-06-01;Nordeste;4958753.0
2010-06-01;Norte;2369141.0
2010-06-01;Sistemas Isolados;572783.0
2010-06-01;Sudeste/C.Oeste;20616163.0
2010-06-01;Sul;5652619.0
2010-06-01;TOTAL BRASIL;34169459.0
2010-07-01;Nordeste;4872636.0
2010-07-01;Norte;2407663.0
2010-07-01;Sistemas Isolados;549102.0
2010-07-01;Sudeste/C.Oeste;20313008.0
2010-07-01;Sul;5706940.0
2010-07-01;TOTAL BRASIL;33849349.0
2010-08-01;Nordeste;4825434.0
2010-08-01;Norte;2452133.0
2010-08-01;Sistemas Isolados;583301.23
2010-08-01;Sudeste/C.Oeste;21097027.0
2010-08-01;Sul;5755499.0
2010-08-01;TOTAL BRASIL;34713394.230000004
2010-09-01;Nordeste;4909409.0
2010-09-01;Norte;2439170.0
2010-09-01;Sistemas Isolados;609369.51
2010-09-01;Sudeste/C.Oeste;21512760.0
2010-09-01;Sul;5711562.5
2010-09-01;TOTAL BRASIL;35182271.010000005
2010-10-01;Nordeste;5106765.0
2010-10-01;Norte;2485835.0
2010-10-01;Sistemas Isolados;617639.53
2010-10-01;Sudeste/C.Oeste;21350379.0
2010-10-01;Sul;5628306.46
2010-10-01;TOTAL BRASIL;35188924.99
2010-11-01;Nordeste;5144191.0
2010-11-01;Norte;2419808.0
2010-11-01;Sistemas Isolados;607894.5700000001
2010-11-01;Sudeste/C.Oeste;21147532.0
2010-11-01;Sul;5758555.6899999995
2010-11-01;TOTAL BRASIL;35077981.26
2010-12-01;Nordeste;5169293.0
2010-12-01;Norte;2455639.0
2010-12-01;Sistemas Isolados;583776.71
2010-12-01;Sudeste/C.Oeste;21718500.0
2010-12-01;Sul;6029230.6899999995
2010-12-01;TOTAL BRASIL;35956439.4
2011-01-01;Nordeste;4994351.0
2011-01-01;Norte;2427336.0
2011-01-01;Sistemas Isolados;563105.26
2011-01-01;Sudeste/C.Oeste;21603819.0
2011-01-01;Sul;6285133.0
2011-01-01;TOTAL BRASIL;35873744.260000005
2011-02-01;Nordeste;4605569.0
2011-02-01;Norte;2212703.0
2011-02-01;Sistemas Isolados;539378.66
2011-02-01;Sudeste/C.Oeste;21582859.0
2011-02-01;Sul;6504407.0
2011-02-01;TOTAL BRASIL;35444916.66
2011-03-01;Nordeste;5057211.0
2011-03-01;Norte;2446369.0
2011-03-01;Sistemas Isolados;558760.05
2011-03-01;Sudeste/C.Oeste;21852404.0
2011-03-01;Sul;6435946.0
2011-03-01;TOTAL BRASIL;36350690.05
2011-04-01;Nordeste;4981970.0
2011-04-01;Norte;2425865.0
2011-04-01;Sistemas Isolados;562467.05
2011-04-01;Sudeste/C.Oeste;21894783.0
2011-04-01;Sul;6183233.0
2011-04-01;TOTAL BRASIL;36048318.05
2011-05-01;Nordeste;4879960.0
2011-05-01;Norte;2497282.0
2011-05-01;Sistemas Isolados;568405.39
2011-05-01;Sudeste/C.Oeste;21472356.0
2011-05-01;Sul;6147984.0
2011-05-01;TOTAL BRASIL;35565987.39
2011-06-01;Nordeste;4794000.0
2011-06-01;Norte;2520006.0
2011-06-01;Sistemas Isolados;592237.72
2011-06-01;Sudeste/C.Oeste;21242159.0
2011-06-01;Sul;6011171.0
2011-06-01;TOTAL BRASIL;35159573.72
2011-07-01;Nordeste;4902561.0
2011-07-01;Norte;2561563.0
2011-07-01;Sistemas Isolados;594420.62
2011-07-01;Sudeste/C.Oeste;21276937.0
2011-07-01;Sul;6081811.0
2011-07-01;TOTAL BRASIL;35417292.620000005
2011-08-01;Nordeste;5033190.0
2011-08-01;Norte;2594923.0
2011-08-01;Sistemas Isolados;632882.84
2011-08-01;Sudeste/C.Oeste;21897241.0
2011-08-01;Sul;6177576.0
2011-08-01;TOTAL BRASIL;36335812.84
2011-09-01;Nordeste;5057216.0
2011-09-01;Norte;2556386.0
2011-09-01;Sistemas Isolados;656582.34
2011-09-01;Sudeste/C.Oeste;22561140.0
2011-09-01;Sul;6133865.0
2011-09-01;TOTAL BRASIL;36965189.34
2011-10-01;Nordeste;5173442.0
2011-10-01;Norte;2606289.0
2011-10-01;Sistemas Isolados;663908.38
2011-10-01;Sudeste/C.Oeste;22181417.0
2011-10-01;Sul;6118714.0
2011-10-01;TOTAL BRASIL;36743770.379999995
2011-11-01;Nordeste;5128550.0
2011-11-01;Norte;2494162.0
2011-11-01;Sistemas Isolados;633766.77
2011-11-01;Sudeste/C.Oeste;22066165.0
2011-11-01;Sul;6045746.0
2011-11-01;TOTAL BRASIL;36368389.769999996
2011-12-01;Nordeste;5238788.0
2011-12-01;Norte;2553827.0
2011-12-01;Sistemas Isolados;623401.78
2011-12-01;Sudeste/C.Oeste;21981731.0
2011-12-01;Sul;6344201.0
2011-12-01;TOTAL BRASIL;36741948.78
2012-01-01;Nordeste;5308865.0
2012-01-01;Norte;2519336.0
2012-01-01;Sistemas Isolados;605432.0
2012-01-01;Sudeste/C.Oeste;21518257.09
2012-01-01;Sul;6353277.2
2012-01-01;TOTAL BRASIL;36305167.29000001
2012-02-01;Nordeste;5073264.0
2012-02-01;Norte;2388287.0
2012-02-01;Sistemas Isolados;642267.0
2012-02-01;Sudeste/C.Oeste;21983930.54
2012-02-01;Sul;6812782.48
2012-02-01;TOTAL BRASIL;36900531.019999996
2012-03-01;Nordeste;5426930.0
2012-03-01;Norte;2528737.0
2012-03-01;Sistemas Isolados;625665.0
2012-03-01;Sudeste/C.Oeste;23015662.43
2012-03-01;Sul;7026116.29
2012-03-01;TOTAL BRASIL;38623110.72
2012-04-01;Nordeste;5297261.0
2012-04-01;Norte;2464743.0
2012-04-01;Sistemas Isolados;618898.0
2012-04-01;Sudeste/C.Oeste;23079985.78
2012-04-01;Sul;6534981.31
2012-04-01;TOTAL BRASIL;37995869.09
2012-05-01;Nordeste;5414017.0
2012-05-01;Norte;2564902.0
2012-05-01;Sistemas Isolados;626248.0
2012-05-01;Sudeste/C.Oeste;22063277.15
2012-05-01;Sul;6141746.88
2012-05-01;TOTAL BRASIL;36810191.03
2012-06-01;Nordeste;5150028.0
2012-06-01;Norte;2462680.0
2012-06-01;Sistemas Isolados;640553.0
2012-06-01;Sudeste/C.Oeste;22095010.83
2012-06-01;Sul;6180121.28
2012-06-01;TOTAL BRASIL;36528393.11
2012-07-01;Nordeste;5164193.0
2012-07-01;Norte;2453561.0
2012-07-01;Sistemas Isolados;639555.0
2012-07-01;Sudeste/C.Oeste;21470933.91
2012-07-01;Sul;6188904.29
2012-07-01;TOTAL BRASIL;35917147.199999996
2012-08-01;Nordeste;5335634.0
2012-08-01;Norte;2510949.0
2012-08-01;Sistemas Isolados;682030.0
2012-08-01;Sudeste/C.Oeste;22259508.71
2012-08-01;Sul;6391480.82
2012-08-01;TOTAL BRASIL;37179602.53
2012-09-01;Nordeste;5303269.0
2012-09-01;Norte;2486488.0
2012-09-01;Sistemas Isolados;669984.0
2012-09-01;Sudeste/C.Oeste;22861726.17
2012-09-01;Sul;6340228.95
2012-09-01;TOTAL BRASIL;37661696.120000005
2012-10-01;Nordeste;5436662.0
2012-10-01;Norte;2521284.0
2012-10-01;Sistemas Isolados;697099.0
2012-10-01;Sudeste/C.Oeste;22889151.4
2012-10-01;Sul;6251817.67
2012-10-01;TOTAL BRASIL;37796014.07
2012-11-01;Nordeste;5467115.0
2012-11-01;Norte;2427264.0
2012-11-01;Sistemas Isolados;715760.0
2012-11-01;Sudeste/C.Oeste;23489553.67
2012-11-01;Sul;6543891.56
2012-11-01;TOTAL BRASIL;38643584.230000004
2012-12-01;Nordeste;5519204.0
2012-12-01;Norte;2442993.0
2012-12-01;Sistemas Isolados;659099.0
2012-12-01;Sudeste/C.Oeste;22418509.03
2012-12-01;Sul;6725279.41
2012-12-01;TOTAL BRASIL;37765084.440000005
2013-01-01;Nordeste;5712701.0
2013-01-01;Norte;2432546.0
2013-01-01;Sistemas Isolados;651987.74
2013-01-01;Sudeste/C.Oeste;22952472.0
2013-01-01;Sul;6617103.0
2013-01-01;TOTAL BRASIL;38366809.739999995
2013-02-01;Nordeste;5562227.0
2013-02-01;Norte;2282245.0
2013-02-01;Sistemas Isolados;627051.72
2013-02-01;Sudeste/C.Oeste;22581393.0
2013-02-01;Sul;6952735.0
2013-02-01;TOTAL BRASIL;38005651.72
2013-03-01;Nordeste;5752104.0
2013-03-01;Norte;2438608.0
2013-03-01;Sistemas Isolados;638422.55
2013-03-01;Sudeste/C.Oeste;22779104.0
2013-03-01;Sul;6833953.0
2013-03-01;TOTAL BRASIL;38442191.55
2013-04-01;Nordeste;5926994.0
2013-04-01;Norte;2442681.0
2013-04-01;Sistemas Isolados;675977.4299999999
2013-04-01;Sudeste/C.Oeste;23035888.0
2013-04-01;Sul;6572123.0
2013-04-01;TOTAL BRASIL;38653663.43
2013-05-01;Nordeste;5721609.0
2013-05-01;Norte;2441501.0
2013-05-01;Sistemas Isolados;672805.5700000001
2013-05-01;Sudeste/C.Oeste;22895274.0
2013-05-01;Sul;6613672.0
2013-05-01;TOTAL BRASIL;38344861.57
2013-06-01;Nordeste;5465976.0
2013-06-01;Norte;2410278.0
2013-06-01;Sistemas Isolados;688200.01
2013-06-01;Sudeste/C.Oeste;22564878.0
2013-06-01;Sul;6498366.0
2013-06-01;TOTAL BRASIL;37627698.010000005
2013-07-01;Nordeste;5581384.0
2013-07-01;Norte;2940174.0
2013-07-01;Sistemas Isolados;287311.03
2013-07-01;Sudeste/C.Oeste;22344922.0
2013-07-01;Sul;6544154.0
2013-07-01;TOTAL BRASIL;37697945.03
2013-08-01;Nordeste;5608228.0
2013-08-01;Norte;2973453.0
2013-08-01;Sistemas Isolados;289566.26
2013-08-01;Sudeste/C.Oeste;22944811.0
2013-08-01;Sul;6797218.0
2013-08-01;TOTAL BRASIL;38613276.260000005
2013-09-01;Nordeste;5632880.0
2013-09-01;Norte;2876875.0
2013-09-01;Sistemas Isolados;303953.16000000003
2013-09-01;Sudeste/C.Oeste;23138055.0
2013-09-01;Sul;6572961.0
2013-09-01;TOTAL BRASIL;38524724.16
2013-10-01;Nordeste;5936067.0
2013-10-01;Norte;2992731.0
2013-10-01;Sistemas Isolados;317941.38
2013-10-01;Sudeste/C.Oeste;23487391.0
2013-10-01;Sul;6654874.0
2013-10-01;TOTAL BRASIL;39389004.379999995
2013-11-01;Nordeste;5898490.0
2013-11-01;Norte;2892566.0
2013-11-01;Sistemas Isolados;318536.54000000004
2013-11-01;Sudeste/C.Oeste;23961171.0
2013-11-01;Sul;6849526.0
2013-11-01;TOTAL BRASIL;39920289.54
2013-12-01;Nordeste;5881281.0
2013-12-01;Norte;2961111.0
2013-12-01;Sistemas Isolados;311346.24
2013-12-01;Sudeste/C.Oeste;23516654.0
2013-12-01;Sul;6885986.0
2013-12-01;TOTAL BRASIL;39556378.239999995
2014-01-01;Nordeste;6038656.0
2014-01-01;Norte;2853260.0
2014-01-01;Sistemas Isolados;308956.0
2014-01-01;Sudeste/C.Oeste;23745800.0
2014-01-01;Sul;7333087.0
2014-01-01;TOTAL BRASIL;40279759.0
2014-02-01;Nordeste;5844373.0
2014-02-01;Norte;2697765.0
2014-02-01;Sistemas Isolados;283510.0
2014-02-01;Sudeste/C.Oeste;24808245.0
2014-02-01;Sul;8019594.0
2014-02-01;TOTAL BRASIL;41653487.0
2014-03-01;Nordeste;6042578.0
2014-03-01;Norte;2857495.0
2014-03-01;Sistemas Isolados;292087.0
2014-03-01;Sudeste/C.Oeste;23795345.0
2014-03-01;Sul;7281924.0
2014-03-01;TOTAL BRASIL;40269429.0
2014-04-01;Nordeste;5943838.0
2014-04-01;Norte;2753788.0
2014-04-01;Sistemas Isolados;299226.0
2014-04-01;Sudeste/C.Oeste;23587522.0
2014-04-01;Sul;7007480.0
2014-04-01;TOTAL BRASIL;39591854.0
2014-05-01;Nordeste;6018103.0
2014-05-01;Norte;2779906.0
2014-05-01;Sistemas Isolados;305901.0
2014-05-01;Sudeste/C.Oeste;23201659.0
2014-05-01;Sul;6794930.0
2014-05-01;TOTAL BRASIL;39100499.0
2014-06-01;Nordeste;5721916.88
2014-06-01;Norte;2709597.0
2014-06-01;Sistemas Isolados;302528.0
2014-06-01;Sudeste/C.Oeste;22365216.0
2014-06-01;Sul;6627215.0
2014-06-01;TOTAL BRASIL;37726472.88
2014-07-01;Nordeste;5888798.0
2014-07-01;Norte;2901748.0
2014-07-01;Sistemas Isolados;305209.0
2014-07-01;Sudeste/C.Oeste;22131094.0
2014-07-01;Sul;6639960.0
2014-07-01;TOTAL BRASIL;37866809.0
2014-08-01;Nordeste;5928875.0
2014-08-01;Norte;2771867.0
2014-08-01;Sistemas Isolados;313142.0
2014-08-01;Sudeste/C.Oeste;22664036.0
2014-08-01;Sul;6872774.0
2014-08-01;TOTAL BRASIL;38550694.0
2014-09-01;Nordeste;6018843.0
2014-09-01;Norte;2876693.0
2014-09-01;Sistemas Isolados;340352.0
2014-09-01;Sudeste/C.Oeste;22871673.0
2014-09-01;Sul;6787415.0
2014-09-01;TOTAL BRASIL;38894976.0
2014-10-01;Nordeste;6209139.59
2014-10-01;Norte;2883384.0
2014-10-01;Sistemas Isolados;344356.0
2014-10-01;Sudeste/C.Oeste;23740857.0
2014-10-01;Sul;6922704.0
2014-10-01;TOTAL BRASIL;40100440.59
2014-11-01;Nordeste;6208638.39
2014-11-01;Norte;2833011.0
2014-11-01;Sistemas Isolados;339035.0
2014-11-01;Sudeste/C.Oeste;24305206.0
2014-11-01;Sul;7264836.0
2014-11-01;TOTAL BRASIL;40950726.39
2014-12-01;Nordeste;6168145.03
2014-12-01;Norte;2868330.0
2014-12-01;Sistemas Isolados;335079.0
2014-12-01;Sudeste/C.Oeste;23200168.0
2014-12-01;Sul;7266585.0
2014-12-01;TOTAL BRASIL;39838307.03
2015-01-01;Nordeste;6222269.279999999
2015-01-01;Norte;2791082.0
2015-01-01;Sistemas Isolados;328633.89
2015-01-01;Sudeste/C.Oeste;24085244.04
2015-01-01;Sul;7330738.32
2015-01-01;TOTAL BRASIL;40757967.53
2015-02-01;Nordeste;6040030.81
2015-02-01;Norte;2641733.0
2015-02-01;Sistemas Isolados;304534.0
2015-02-01;Sudeste/C.Oeste;24067699.25
2015-02-01;Sul;7665269.3
2015-02-01;TOTAL BRASIL;40719266.36
2015-03-01;Nordeste;6154033.03
2015-03-01;Norte;2794295.0
2015-03-01;Sistemas Isolados;318361.0
2015-03-01;Sudeste/C.Oeste;23213421.36
2015-03-01;Sul;7278854.0
2015-03-01;TOTAL BRASIL;39758964.39
2015-04-01;Nordeste;6088617.84
2015-04-01;Norte;2621255.0
2015-04-01;Sistemas Isolados;317739.0
2015-04-01;Sudeste/C.Oeste;23333006.86
2015-04-01;Sul;7236051.6
2015-04-01;TOTAL BRASIL;39596670.300000004
2015-05-01;Nordeste;6133182.949999999
2015-05-01;Norte;2645231.0
2015-05-01;Sistemas Isolados;312272.0
2015-05-01;Sudeste/C.Oeste;22428066.09
2015-05-01;Sul;6683610.3
2015-05-01;TOTAL BRASIL;38202362.339999996
2015-06-01;Nordeste;5902293.46
2015-06-01;Norte;2705048.0
2015-06-01;Sistemas Isolados;228746.0
2015-06-01;Sudeste/C.Oeste;21859692.37
2015-06-01;Sul;6567886.0
2015-06-01;TOTAL BRASIL;37263665.830000006
2015-07-01;Nordeste;5687260.45
2015-07-01;Norte;2837312.0
2015-07-01;Sistemas Isolados;233863.0
2015-07-01;Sudeste/C.Oeste;21611467.84
2015-07-01;Sul;6446540.0
2015-07-01;TOTAL BRASIL;36816443.29
2015-08-01;Nordeste;5771891.3100000005
2015-08-01;Norte;2907368.0
2015-08-01;Sistemas Isolados;244334.49
2015-08-01;Sudeste/C.Oeste;22286547.810000002
2015-08-01;Sul;6648543.5
2015-08-01;TOTAL BRASIL;37858685.11000001
2015-09-01;Nordeste;5811514.6899999995
2015-09-01;Norte;2956987.0
2015-09-01;Sistemas Isolados;258600.0
2015-09-01;Sudeste/C.Oeste;22320538.560000002
2015-09-01;Sul;6494009.35
2015-09-01;TOTAL BRASIL;37841649.6
2015-10-01;Nordeste;6052105.739999999
2015-10-01;Norte;3026397.0
2015-10-01;Sistemas Isolados;283114.0
2015-10-01;Sudeste/C.Oeste;23353709.990000002
2015-10-01;Sul;6561338.84
2015-10-01;TOTAL BRASIL;39276665.57000001
2015-11-01;Nordeste;6082627.850000001
2015-11-01;Norte;2954707.0
2015-11-01;Sistemas Isolados;263477.0
2015-11-01;Sudeste/C.Oeste;23287347.979999997
2015-11-01;Sul;6636695.54
2015-11-01;TOTAL BRASIL;39224855.370000005
2015-12-01;Nordeste;6215136.31
2015-12-01;Norte;2972897.0
2015-12-01;Sistemas Isolados;252893.0
2015-12-01;Sudeste/C.Oeste;22624242.83
2015-12-01;Sul;6604791.22
2015-12-01;TOTAL BRASIL;38669960.36000001
2016-01-01;Nordeste;6005098.100000001
2016-01-01;Norte;2738088.0
2016-01-01;Sistemas Isolados;242029.0
2016-01-01;Sudeste/C.Oeste;22437294.669999998
2016-01-01;Sul;6978391.33
2016-01-01;TOTAL BRASIL;38400901.10000001
2016-02-01;Nordeste;5746230.91
2016-02-01;Norte;2710419.0
2016-02-01;Sistemas Isolados;243641.6
2016-02-01;Sudeste/C.Oeste;22620067.54
2016-02-01;Sul;7406977.5200000005
2016-02-01;TOTAL BRASIL;38727336.57
2016-03-01;Nordeste;6239581.5
2016-03-01;Norte;2862575.0
2016-03-01;Sistemas Isolados;252453.0
2016-03-01;Sudeste/C.Oeste;22830317.150000002
2016-03-01;Sul;7259987.59
2016-03-01;TOTAL BRASIL;39444914.24
2016-04-01;Nordeste;6050517.72
2016-04-01;Norte;2749857.0
2016-04-01;Sistemas Isolados;242473.0
2016-04-01;Sudeste/C.Oeste;23900405.88
2016-04-01;Sul;7326166.4799999995
2016-04-01;TOTAL BRASIL;40269420.080000006
2016-05-01;Nordeste;6155239.93
2016-05-01;Norte;2907970.0
2016-05-01;Sistemas Isolados;231265.0
2016-05-01;Sudeste/C.Oeste;22494710.87
2016-05-01;Sul;6859486.78
2016-05-01;TOTAL BRASIL;38648672.57999999
2016-06-01;Nordeste;6031100.78
2016-06-01;Norte;2866943.0
2016-06-01;Sistemas Isolados;234959.0
2016-06-01;Sudeste/C.Oeste;21773270.65
2016-06-01;Sul;6644135.8
2016-06-01;TOTAL BRASIL;37550409.230000004
2016-07-01;Nordeste;5901486.8
2016-07-01;Norte;2945013.0
2016-07-01;Sistemas Isolados;230566.0
2016-07-01;Sudeste/C.Oeste;21512735.22
2016-07-01;Sul;6665439.9
2016-07-01;TOTAL BRASIL;37255240.92
2016-08-01;Nordeste;5949572.2
2016-08-01;Norte;2930266.0
2016-08-01;Sistemas Isolados;260542.0
2016-08-01;Sudeste/C.Oeste;21943757.25
2016-08-01;Sul;6609796.8
2016-08-01;TOTAL BRASIL;37693934.25
2016-09-01;Nordeste;6007451.93
2016-09-01;Norte;2987174.0
2016-09-01;Sistemas Isolados;252657.0
2016-09-01;Sudeste/C.Oeste;22510053.5
2016-09-01;Sul;6587723.5
2016-09-01;TOTAL BRASIL;38345059.93
2016-10-01;Nordeste;6094407.0200000005
2016-10-01;Norte;2976023.0
2016-10-01;Sistemas Isolados;252358.0
2016-10-01;Sudeste/C.Oeste;22422669.029999997
2016-10-01;Sul;6452385.1899999995
2016-10-01;TOTAL BRASIL;38197842.24
2016-11-01;Nordeste;6207680.899999999
2016-11-01;Norte;3004283.0
2016-11-01;Sistemas Isolados;253797.0
2016-11-01;Sudeste/C.Oeste;22598190.2
2016-11-01;Sul;6690297.96
2016-11-01;TOTAL BRASIL;38754249.059999995
2016-12-01;Nordeste;6273572.529999999
2016-12-01;Norte;2947041.0
2016-12-01;Sistemas Isolados;242865.0
2016-12-01;Sudeste/C.Oeste;22372447.05
2016-12-01;Sul;6944869.4
2016-12-01;TOTAL BRASIL;38780794.980000004
2017-01-01;Nordeste;6170646.29
2017-01-01;Norte;2784587.0
2017-01-01;Sistemas Isolados;234746.0
2017-01-01;Sudeste/C.Oeste;22871737.99
2017-01-01;Sul;7307446.3
2017-01-01;TOTAL BRASIL;39369163.58
2017-02-01;Nordeste;5830847.7700000005
2017-02-01;Norte;2571580.0
2017-02-01;Sistemas Isolados;219581.0
2017-02-01;Sudeste/C.Oeste;22693633.15
2017-02-01;Sul;7520745.57
2017-02-01;TOTAL BRASIL;38836387.49
2017-03-01;Nordeste;6249546.529999999
2017-03-01;Norte;2805848.0
2017-03-01;Sistemas Isolados;235207.0
2017-03-01;Sudeste/C.Oeste;23409836.369999997
2017-03-01;Sul;7845156.26
2017-03-01;TOTAL BRASIL;40545594.160000004
2017-04-01;Nordeste;6023096.6
2017-04-01;Norte;2747525.0
2017-04-01;Sistemas Isolados;227399.0
2017-04-01;Sudeste/C.Oeste;23156570.97
2017-04-01;Sul;7275839.72
2017-04-01;TOTAL BRASIL;39430431.29
2017-05-01;Nordeste;6127561.97
2017-05-01;Norte;2929563.0
2017-05-01;Sistemas Isolados;236395.0
2017-05-01;Sudeste/C.Oeste;22169970.099999998
2017-05-01;Sul;6691196.25
2017-05-01;TOTAL BRASIL;38154686.32
2017-06-01;Nordeste;6031790.91
2017-06-01;Norte;2911329.0
2017-06-01;Sistemas Isolados;234445.0
2017-06-01;Sudeste/C.Oeste;22131723.98
2017-06-01;Sul;6804976.2
2017-06-01;TOTAL BRASIL;38114265.089999996
2017-07-01;Nordeste;5823454.18
2017-07-01;Norte;2912557.0
2017-07-01;Sistemas Isolados;229246.0
2017-07-01;Sudeste/C.Oeste;21663867.01
2017-07-01;Sul;6751139.17
2017-07-01;TOTAL BRASIL;37380263.35999999
2017-08-01;Nordeste;5903146.600000001
2017-08-01;Norte;3057710.0
2017-08-01;Sistemas Isolados;251033.0
2017-08-01;Sudeste/C.Oeste;21773739.950000003
2017-08-01;Sul;6880099.3
2017-08-01;TOTAL BRASIL;37865728.849999994
2017-09-01;Nordeste;5878476.8100000005
2017-09-01;Norte;3026709.0
2017-09-01;Sistemas Isolados;254237.0
2017-09-01;Sudeste/C.Oeste;22868266.12
2017-09-01;Sul;6981237.5
2017-09-01;TOTAL BRASIL;39008926.43
2017-10-01;Nordeste;6226788.4799999995
2017-10-01;Norte;3096417.0
2017-10-01;Sistemas Isolados;259045.0
2017-10-01;Sudeste/C.Oeste;22875971.439999998
2017-10-01;Sul;6878050.1
2017-10-01;TOTAL BRASIL;39336272.02
2017-11-01;Nordeste;6269809.180000001
2017-11-01;Norte;3011669.0
2017-11-01;Sistemas Isolados;262710.0
2017-11-01;Sudeste/C.Oeste;23350032.48
2017-11-01;Sul;6932667.6
2017-11-01;TOTAL BRASIL;39826888.26
2017-12-01;Nordeste;6273976.04
2017-12-01;Norte;2987088.0
2017-12-01;Sistemas Isolados;249416.0
2017-12-01;Sudeste/C.Oeste;22967018.169999998
2017-12-01;Sul;7128627.7
2017-12-01;TOTAL BRASIL;39606125.910000004
2018-01-01;Nordeste;6148176.119999999
2018-01-01;Norte;2852963.9000000004
2018-01-01;Sistemas Isolados;231784.56
2018-01-01;Sudeste/C.Oeste;23295125.900000006
2018-01-01;Sul;7526624.319999999
2018-01-01;TOTAL BRASIL;40054674.8
2018-02-01;Nordeste;5830842.789999999
2018-02-01;Norte;2651456.5400000005
2018-02-01;Sistemas Isolados;230774.43000000002
2018-02-01;Sudeste/C.Oeste;22884429.46
2018-02-01;Sul;7571526.529999999
2018-02-01;TOTAL BRASIL;39169029.749999985
2018-03-01;Nordeste;6020333.069999999
2018-03-01;Norte;2892971.4499999997
2018-03-01;Sistemas Isolados;238314.15
2018-03-01;Sudeste/C.Oeste;24183292.890000004
2018-03-01;Sul;7771959.059999999
2018-03-01;TOTAL BRASIL;41106870.61999999
2018-04-01;Nordeste;6103823.29
2018-04-01;Norte;2696784.74
2018-04-01;Sistemas Isolados;244508.58
2018-04-01;Sudeste/C.Oeste;24122496.570000008
2018-04-01;Sul;7527392.069999999
2018-04-01;TOTAL BRASIL;40695005.25000002
2018-05-01;Nordeste;6084050.260000001
2018-05-01;Norte;2692114.6100000003
2018-05-01;Sistemas Isolados;235247.96999999997
2018-05-01;Sudeste/C.Oeste;23061619.040000003
2018-05-01;Sul;7190266.670000001
2018-05-01;TOTAL BRASIL;39263298.54999999
2018-06-01;Nordeste;6008232.56
2018-06-01;Norte;2654732.7199999997
2018-06-01;Sistemas Isolados;231225.45
2018-06-01;Sudeste/C.Oeste;22408235.489999995
2018-06-01;Sul;6900872.86
2018-06-01;TOTAL BRASIL;38203299.080000006
2018-07-01;Nordeste;5922473.07
2018-07-01;Norte;2717586.59
2018-07-01;Sistemas Isolados;231824.97999999998
2018-07-01;Sudeste/C.Oeste;22586316.34
2018-07-01;Sul;7049955.93
2018-07-01;TOTAL BRASIL;38508156.91
2018-08-01;Nordeste;6065236.340000001
2018-08-01;Norte;2740023.0300000003
2018-08-01;Sistemas Isolados;249042.44
2018-08-01;Sudeste/C.Oeste;22852985.799999997
2018-08-01;Sul;7141588.3999999985
2018-08-01;TOTAL BRASIL;39048876.01000001
2018-09-01;Nordeste;6015346.62
2018-09-01;Norte;2752252.96
2018-09-01;Sistemas Isolados;245814.61
2018-09-01;Sudeste/C.Oeste;23070236.080000002
2018-09-01;Sul;6955336.27
2018-09-01;TOTAL BRASIL;39038986.540000014
2018-10-01;Nordeste;6404249.39
2018-10-01;Norte;2854447.1999999997
2018-10-01;Sistemas Isolados;272862.62
2018-10-01;Sudeste/C.Oeste;23774971.62
2018-10-01;Sul;7087255.42
2018-10-01;TOTAL BRASIL;40393786.25
2018-11-01;Nordeste;6537616.200000001
2018-11-01;Norte;2771253.8899999997
2018-11-01;Sistemas Isolados;265657.0
2018-11-01;Sudeste/C.Oeste;23659633.341000002
2018-11-01;Sul;7173508.069999999
2018-11-01;TOTAL BRASIL;40407668.50100003
2018-12-01;Nordeste;6240489.33
2018-12-01;Norte;2662330.77
2018-12-01;Sistemas Isolados;235614.71999999997
2018-12-01;Sudeste/C.Oeste;23459430.45
2018-12-01;Sul;7276982.62
2018-12-01;TOTAL BRASIL;39874847.89
2019-01-01;Nordeste;6382004.7700000005
2019-01-01;Norte;2601233.5300000003
2019-01-01;Sistemas Isolados;235374.35
2019-01-01;Sudeste/C.Oeste;24427940.66
2019-01-01;Sul;8000635.0600000005
2019-01-01;TOTAL BRASIL;41647188.37
2019-02-01;Nordeste;6247356.220000002
2019-02-01;Norte;2473879.0300000003
2019-02-01;Sistemas Isolados;223484.74
2019-02-01;Sudeste/C.Oeste;24088184.06
2019-02-01;Sul;8131096.279999998
2019-02-01;TOTAL BRASIL;41164000.329999976
2019-03-01;Nordeste;6466787.0200000005
2019-03-01;Norte;2634746.08
2019-03-01;Sistemas Isolados;244514.77
2019-03-01;Sudeste/C.Oeste;24034515.349999994
2019-03-01;Sul;7767428.41
2019-03-01;TOTAL BRASIL;41147991.63000001
2019-04-01;Nordeste;6199700.86
2019-04-01;Norte;2576790.3099999996
2019-04-01;Sistemas Isolados;253060.11000000002
2019-04-01;Sudeste/C.Oeste;23222957.919999998
2019-04-01;Sul;7470885.5
2019-04-01;TOTAL BRASIL;39723394.69999999
2019-05-01;Nordeste;6441790.67
2019-05-01;Norte;2739375.48
2019-05-01;Sistemas Isolados;243778.05000000002
2019-05-01;Sudeste/C.Oeste;23680825.48
2019-05-01;Sul;7374881.39
2019-05-01;TOTAL BRASIL;40480651.07
2019-06-01;Nordeste;6001111.979999998
2019-06-01;Norte;2803119.9799999995
2019-06-01;Sistemas Isolados;227971.67000000004
2019-06-01;Sudeste/C.Oeste;22350246.57
2019-06-01;Sul;7058333.919999998
2019-06-01;TOTAL BRASIL;38440784.12000002
2019-07-01;Nordeste;6040693.330000001
2019-07-01;Norte;2883805.8
2019-07-01;Sistemas Isolados;238645.27999999997
2019-07-01;Sudeste/C.Oeste;22101589.409999996
2019-07-01;Sul;7081184.789999999
2019-07-01;TOTAL BRASIL;38345918.60999999
2019-08-01;Nordeste;5897532.339000001
2019-08-01;Norte;2970444.1799999997
2019-08-01;Sistemas Isolados;234551.33
2019-08-01;Sudeste/C.Oeste;22369043.63
2019-08-01;Sul;7169974.359999999
2019-08-01;TOTAL BRASIL;38641545.838999994
2019-09-01;Nordeste;5971396.02
2019-09-01;Norte;2986742.74
2019-09-01;Sistemas Isolados;248732.41999999998
2019-09-01;Sudeste/C.Oeste;23023365.579999994
2019-09-01;Sul;7031952.630999999
2019-09-01;TOTAL BRASIL;39262189.39099998
2019-10-01;Nordeste;6471427.999999999
2019-10-01;Norte;3033103.27
2019-10-01;Sistemas Isolados;264261.37
2019-10-01;Sudeste/C.Oeste;23952252.18
2019-10-01;Sul;7346734.09
2019-10-01;TOTAL BRASIL;41067778.91000002
2019-11-01;Nordeste;6644637.119999999
2019-11-01;Norte;3022023.63
2019-11-01;Sistemas Isolados;251565.47
2019-11-01;Sudeste/C.Oeste;24353417.299999997
2019-11-01;Sul;7520829.950000001
2019-11-01;TOTAL BRASIL;41792473.47000001
2019-12-01;Nordeste;6840622.300000001
2019-12-01;Norte;3103352.98
2019-12-01;Sistemas Isolados;248470.41999999998
2019-12-01;Sudeste/C.Oeste;23142449.720000003
2019-12-01;Sul;7467002.399999999
2019-12-01;TOTAL BRASIL;40801897.82000001
2020-01-01;Nordeste;6518270.3
2020-01-01;Norte;2938355.8000000003
2020-01-01;Sistemas Isolados;244792.43
2020-01-01;Sudeste/C.Oeste;23647311.71
2020-01-01;Sul;7980475.770099999
2020-01-01;TOTAL BRASIL;41329206.0101
2020-02-01;Nordeste;6226032.43
2020-02-01;Norte;2838343.93
2020-02-01;Sistemas Isolados;242320.65
2020-02-01;Sudeste/C.Oeste;23537245.470000003
2020-02-01;Sul;8120196.39
2020-02-01;TOTAL BRASIL;40964138.86999999
2020-03-01;Nordeste;6336124.59
2020-03-01;Norte;2826207.71
2020-03-01;Sistemas Isolados;258420.54
2020-03-01;Sudeste/C.Oeste;23767452.610000007
2020-03-01;Sul;7950413.569
2020-03-01;TOTAL BRASIL;41138619.01900001
2020-04-01;Nordeste;5766810.49
2020-04-01;Norte;2672449.8200000003
2020-04-01;Sistemas Isolados;243518.69
2020-04-01;Sudeste/C.Oeste;21499967.390000004
2020-04-01;Sul;7081307.47
2020-04-01;TOTAL BRASIL;37264053.859999985
2020-05-01;Nordeste;5748622.920000001
2020-05-01;Norte;2730799.1700000004
2020-05-01;Sistemas Isolados;226173.25999999995
2020-05-01;Sudeste/C.Oeste;20746470.05000001
2020-05-01;Sul;6672170.1400999995
2020-05-01;TOTAL BRASIL;36124235.54010001
2020-06-01;Nordeste;5594620.140000001
2020-06-01;Norte;2826972.09
2020-06-01;Sistemas Isolados;226718.20999999996
2020-06-01;Sudeste/C.Oeste;20554380.049999997
2020-06-01;Sul;6566359.790000001
2020-06-01;TOTAL BRASIL;35769050.27999998
2020-07-01;Nordeste;5877721.46
2020-07-01;Norte;2991220.84
2020-07-01;Sistemas Isolados;239860.93
2020-07-01;Sudeste/C.Oeste;21781065.34
2020-07-01;Sul;6979430.558999998
2020-07-01;TOTAL BRASIL;37869299.129000016
2020-08-01;Nordeste;5860123.210000002
2020-08-01;Norte;3103325.9499999997
2020-08-01;Sistemas Isolados;248232.41000000003
2020-08-01;Sudeste/C.Oeste;22920540.740000002
2020-08-01;Sul;7110003.59
2020-08-01;TOTAL BRASIL;39242225.900000006
2020-09-01;Nordeste;6144746.739
2020-09-01;Norte;3125071.9
2020-09-01;Sistemas Isolados;264519.93
2020-09-01;Sudeste/C.Oeste;23554527.590000004
2020-09-01;Sul;7263503.489999999
2020-09-01;TOTAL BRASIL;40352369.64899999
2020-10-01;Nordeste;6637922.41
2020-10-01;Norte;3237951.31
2020-10-01;Sistemas Isolados;271477.7
2020-10-01;Sudeste/C.Oeste;25256841.770999998
2020-10-01;Sul;7519421.3100000005
2020-10-01;TOTAL BRASIL;42923614.500999995
2020-11-01;Nordeste;6308776.21
2020-11-01;Norte;3085088.71
2020-11-01;Sistemas Isolados;265766.63999999996
2020-11-01;Sudeste/C.Oeste;24154211.720000003
2020-11-01;Sul;7616850.5099
2020-11-01;TOTAL BRASIL;41430693.789900005
2020-12-01;Nordeste;6415198.27
2020-12-01;Norte;3031145.3499999996
2020-12-01;Sistemas Isolados;265632.64
2020-12-01;Sudeste/C.Oeste;24606532.560000002
2020-12-01;Sul;7842893.709999998
2020-12-01;TOTAL BRASIL;42161402.53
2021-01-01;Nordeste;6777095.23
2021-01-01;Norte;2969158.8300000005
2021-01-01;Sistemas Isolados;237649.77000000002
2021-01-01;Sudeste/C.Oeste;24992165.980000004
2021-01-01;Sul;8117258.05
2021-01-01;TOTAL BRASIL;43093327.86000001
2021-02-01;Nordeste;6429619.890000001
2021-02-01;Norte;2836645.5200000005
2021-02-01;Sistemas Isolados;229734.05
2021-02-01;Sudeste/C.Oeste;24038970.949999996
2021-02-01;Sul;7972092.380000002
2021-02-01;TOTAL BRASIL;41507062.78999999
2021-03-01;Nordeste;6628741.029999999
2021-03-01;Norte;2973993.49
2021-03-01;Sistemas Isolados;230447.22
2021-03-01;Sudeste/C.Oeste;25570379.950999998
2021-03-01;Sul;8257890.369999999
2021-03-01;TOTAL BRASIL;43661452.061
2021-04-01;Nordeste;6580055.510000001
2021-04-01;Norte;3037187.2299999995
2021-04-01;Sistemas Isolados;250317.85
2021-04-01;Sudeste/C.Oeste;24674946.769999996
2021-04-01;Sul;8114934.320000001
2021-04-01;TOTAL BRASIL;42657441.68000001
2021-05-01;Nordeste;6338504.300000002
2021-05-01;Norte;3121817.13
2021-05-01;Sistemas Isolados;241254.8
2021-05-01;Sudeste/C.Oeste;23503160.009999994
2021-05-01;Sul;7579901.759999999
2021-05-01;TOTAL BRASIL;40784637.999999985
2021-06-01;Nordeste;6331917.210000001
2021-06-01;Norte;3140880.05
2021-06-01;Sistemas Isolados;230633.57
2021-06-01;Sudeste/C.Oeste;23395028.85
2021-06-01;Sul;7330462.949999998
2021-06-01;TOTAL BRASIL;40428922.62999999
2021-07-01;Nordeste;6296865.289999998
2021-07-01;Norte;3186793.4
2021-07-01;Sistemas Isolados;227644.68
2021-07-01;Sudeste/C.Oeste;23006914.939
2021-07-01;Sul;7472283.811
2021-07-01;TOTAL BRASIL;40190502.12000002
2021-08-01;Nordeste;6398043.170000001
2021-08-01;Norte;3265815.21
2021-08-01;Sistemas Isolados;240727.36000000002
2021-08-01;Sudeste/C.Oeste;23391624.971
2021-08-01;Sul;7611805.359000001
2021-08-01;TOTAL BRASIL;40908016.07
2021-09-01;Nordeste;6451708.14
2021-09-01;Norte;3277931.8499999996
2021-09-01;Sistemas Isolados;262270.52
2021-09-01;Sudeste/C.Oeste;24611547.25
2021-09-01;Sul;7349094.32
2021-09-01;TOTAL BRASIL;41952552.080000006
2021-10-01;Nordeste;6790720.449999999
2021-10-01;Norte;3305403.5500000003
2021-10-01;Sistemas Isolados;261890.57
2021-10-01;Sudeste/C.Oeste;24791530.160000004
2021-10-01;Sul;7447105.851000001
2021-10-01;TOTAL BRASIL;42596650.58099999
2021-11-01;Nordeste;6749533.210000001
2021-11-01;Norte;3283431.16
2021-11-01;Sistemas Isolados;255818.97
2021-11-01;Sudeste/C.Oeste;23969038.189999998
2021-11-01;Sul;7611454.381000002
2021-11-01;TOTAL BRASIL;41869275.91099998
2021-12-01;Nordeste;6975129.840000001
2021-12-01;Norte;3291786.6400000006
2021-12-01;Sistemas Isolados;249262.97
2021-12-01;Sudeste/C.Oeste;24503462.55
2021-12-01;Sul;7896308.779999999
2021-12-01;TOTAL BRASIL;42915950.780000016
2022-01-01;Nordeste;6603503.329999999
2022-01-01;Norte;3105333.6
2022-01-01;Sistemas Isolados;243758.82999999996
2022-01-01;Sudeste/C.Oeste;24120266.039999995
2022-01-01;Sul;8518246.08
2022-01-01;TOTAL BRASIL;42591107.88
2022-02-01;Nordeste;6391654.4
2022-02-01;Norte;2836965.3000000003
2022-02-01;Sistemas Isolados;231776.58000000002
2022-02-01;Sudeste/C.Oeste;23956342.11
2022-02-01;Sul;8560678.12
2022-02-01;TOTAL BRASIL;41977416.50999999
2022-03-01;Nordeste;6804457.270000001
2022-03-01;Norte;3073167.4699999997
2022-03-01;Sistemas Isolados;241320.22
2022-03-01;Sudeste/C.Oeste;25361482.131000005
2022-03-01;Sul;8788657.700000001
2022-03-01;TOTAL BRASIL;44269084.79099998
2022-04-01;Nordeste;6563004.259999999
2022-04-01;Norte;2998583.1000000006
2022-04-01;Sistemas Isolados;237652.83
2022-04-01;Sudeste/C.Oeste;25417824.808999997
2022-04-01;Sul;7923581.58
2022-04-01;TOTAL BRASIL;43140646.578999996
2022-05-01;Nordeste;6549090.96
2022-05-01;Norte;3213676.341
2022-05-01;Sistemas Isolados;233490.05
2022-05-01;Sudeste/C.Oeste;24466610.56
2022-05-01;Sul;7551240.530000003
2022-05-01;TOTAL BRASIL;42014108.441
2022-06-01;Nordeste;6292437.36
2022-06-01;Norte;3272441.51
2022-06-01;Sistemas Isolados;228224.93999999997
2022-06-01;Sudeste/C.Oeste;23344595.840000004
2022-06-01;Sul;7609115.259000001
2022-06-01;TOTAL BRASIL;40746814.90900001
2022-07-01;Nordeste;6323582.070000001
2022-07-01;Norte;3433840.42
2022-07-01;Sistemas Isolados;234923.40999999997
2022-07-01;Sudeste/C.Oeste;23560796.729
2022-07-01;Sul;7645407.21
2022-07-01;TOTAL BRASIL;41198549.83899999
2022-08-01;Nordeste;6423306.25
2022-08-01;Norte;3652429.0799999996
2022-08-01;Sistemas Isolados;256679.51
2022-08-01;Sudeste/C.Oeste;24118022.789999995
2022-08-01;Sul;7647921.820000001
2022-08-01;TOTAL BRASIL;42098359.45000001
2022-09-01;Nordeste;6498825.8199999975
2022-09-01;Norte;3647981.19
2022-09-01;Sistemas Isolados;260439.95
2022-09-01;Sudeste/C.Oeste;24091363.75
2022-09-01;Sul;7552945.8100000005
2022-09-01;TOTAL BRASIL;42051556.51999999
2022-10-01;Nordeste;6671747.579999998
2022-10-01;Norte;3719818.319
2022-10-01;Sistemas Isolados;269335.49
2022-10-01;Sudeste/C.Oeste;24397500.680000003
2022-10-01;Sul;7432088.840000001
2022-10-01;TOTAL BRASIL;42490490.908999994
2022-11-01;Nordeste;6799996.710000001
2022-11-01;Norte;3695562.93
2022-11-01;Sistemas Isolados;259233.16999999998
2022-11-01;Sudeste/C.Oeste;24423971.759999998
2022-11-01;Sul;7597855.94
2022-11-01;TOTAL BRASIL;42776620.51000003
2022-12-01;Nordeste;6658784.14
2022-12-01;Norte;3699983.49
2022-12-01;Sistemas Isolados;245171.29
2022-12-01;Sudeste/C.Oeste;24723179.439999998
2022-12-01;Sul;8026219.580100001
2022-12-01;TOTAL BRASIL;43353337.940100014
2023-01-01;Nordeste;6659376.850000001
2023-01-01;Norte;3571001.4299999997
2023-01-01;Sistemas Isolados;236778.45
2023-01-01;Sudeste/C.Oeste;24029864.650000006
2023-01-01;Sul;8316138.63
2023-01-01;TOTAL BRASIL;42813160.01
2023-02-01;Nordeste;6523348.220000002
2023-02-01;Norte;3364942.5400000005
2023-02-01;Sistemas Isolados;224415.33
2023-02-01;Sudeste/C.Oeste;24162215.140000004
2023-02-01;Sul;8622231.930000002
2023-02-01;TOTAL BRASIL;42897153.160000004
2023-03-01;Nordeste;6789724.0600000005
2023-03-01;Norte;3756768.9499999997
2023-03-01;Sistemas Isolados;250001.21
2023-03-01;Sudeste/C.Oeste;25958600.109999996
2023-03-01;Sul;8957673.76
2023-03-01;TOTAL BRASIL;45712768.08999998
