Data_padrao;SÃO PAULO;Valor
2004-01-01;COMERCIAL;1464892.15
2004-01-01;INDUSTRIAL;3499333.91
2004-01-01;OUTROS;937538.01
2004-01-01;RESIDENCIAL;2074540.8800000001
2004-01-01;TOTAL;7976304.95
2004-02-01;COMERCIAL;1421227.88
2004-02-01;INDUSTRIAL;3641580.49
2004-02-01;OUTROS;875586.1399999999
2004-02-01;RESIDENCIAL;1980655.12
2004-02-01;TOTAL;7919049.63
2004-03-01;COMERCIAL;1416475.73
2004-03-01;INDUSTRIAL;3677373.42
2004-03-01;OUTROS;964620.2999999999
2004-03-01;RESIDENCIAL;2058328.0899999999
2004-03-01;TOTAL;8116797.54
2004-04-01;COMERCIAL;1579355.76
2004-04-01;INDUSTRIAL;3913242.1899999995
2004-04-01;OUTROS;960806.2300000001
2004-04-01;RESIDENCIAL;2169642.61
2004-04-01;TOTAL;8623046.79
2004-05-01;COMERCIAL;1386690.4600000002
2004-05-01;INDUSTRIAL;3753889.16
2004-05-01;OUTROS;914846.5599999999
2004-05-01;RESIDENCIAL;2041061.68
2004-05-01;TOTAL;8096487.8599999985
2004-06-01;COMERCIAL;1280006.82
2004-06-01;INDUSTRIAL;3936932.4099999997
2004-06-01;OUTROS;935258.7999999999
2004-06-01;RESIDENCIAL;2039384.38
2004-06-01;TOTAL;8191582.41
2004-07-01;COMERCIAL;1348601.7099999997
2004-07-01;INDUSTRIAL;3953979.88
2004-07-01;OUTROS;933151.32
2004-07-01;RESIDENCIAL;2066713.34
2004-07-01;TOTAL;8302446.250000001
2004-08-01;COMERCIAL;1324733.3099999998
2004-08-01;INDUSTRIAL;4052294.36
2004-08-01;OUTROS;937345.7100000001
2004-08-01;RESIDENCIAL;2074704.65
2004-08-01;TOTAL;8389078.030000001
2004-09-01;COMERCIAL;1430715.57
2004-09-01;INDUSTRIAL;4120856.2699999996
2004-09-01;OUTROS;931372.98
2004-09-01;RESIDENCIAL;2122526.57
2004-09-01;TOTAL;8605471.39
2004-10-01;COMERCIAL;1455419.3699999999
2004-10-01;INDUSTRIAL;4128933.33
2004-10-01;OUTROS;1075936.97
2004-10-01;RESIDENCIAL;2117323.09
2004-10-01;TOTAL;8777612.760000002
2004-11-01;COMERCIAL;1438769.0200000003
2004-11-01;INDUSTRIAL;4092032.16
2004-11-01;OUTROS;969220.1299999999
2004-11-01;RESIDENCIAL;2107765.41
2004-11-01;TOTAL;8607786.72
2004-12-01;COMERCIAL;1475363.3299999998
2004-12-01;INDUSTRIAL;4054099.2399999993
2004-12-01;OUTROS;973321.14
2004-12-01;RESIDENCIAL;2040860.4
2004-12-01;TOTAL;8543644.110000001
2005-01-01;COMERCIAL;1502671.15
2005-01-01;INDUSTRIAL;3691575.32
2005-01-01;OUTROS;924587.22
2005-01-01;RESIDENCIAL;2186011.6
2005-01-01;TOTAL;8304845.290000001
2005-02-01;COMERCIAL;1480720.0600000003
2005-02-01;INDUSTRIAL;3792977.5100000002
2005-02-01;OUTROS;876532.1400000001
2005-02-01;RESIDENCIAL;2070147.27
2005-02-01;TOTAL;8220376.9799999995
2005-03-01;COMERCIAL;1538797.22
2005-03-01;INDUSTRIAL;3860019.49
2005-03-01;OUTROS;1001977.53
2005-03-01;RESIDENCIAL;2132612.31
2005-03-01;TOTAL;8533406.549999999
2005-04-01;COMERCIAL;1598831.41
2005-04-01;INDUSTRIAL;4013268.84
2005-04-01;OUTROS;1021197.04
2005-04-01;RESIDENCIAL;2229431.52
2005-04-01;TOTAL;8862728.809999999
2005-05-01;COMERCIAL;1484174.81
2005-05-01;INDUSTRIAL;3927007.6799999997
2005-05-01;OUTROS;985314.7400000001
2005-05-01;RESIDENCIAL;2116809.2700000005
2005-05-01;TOTAL;8513306.500000002
2005-06-01;COMERCIAL;1463025.5200000003
2005-06-01;INDUSTRIAL;4011756.8500000006
2005-06-01;OUTROS;994263.6199999999
2005-06-01;RESIDENCIAL;2177681.76
2005-06-01;TOTAL;8646727.75
2005-07-01;COMERCIAL;1414603.65
2005-07-01;INDUSTRIAL;4076122.85
2005-07-01;OUTROS;976502.2899999999
2005-07-01;RESIDENCIAL;2162540.56
2005-07-01;TOTAL;8629769.350000001
2005-08-01;COMERCIAL;1391124.5699999998
2005-08-01;INDUSTRIAL;4133091.64
2005-08-01;OUTROS;991788.1299999999
2005-08-01;RESIDENCIAL;2173290.79
2005-08-01;TOTAL;8689295.129999999
2005-09-01;COMERCIAL;1487558.22
2005-09-01;INDUSTRIAL;4164235.93
2005-09-01;OUTROS;1053195.23
2005-09-01;RESIDENCIAL;2224133.0599999996
2005-09-01;TOTAL;8929122.44
2005-10-01;COMERCIAL;1511450.1899999997
2005-10-01;INDUSTRIAL;4155937.6799999997
2005-10-01;OUTROS;1026387.02
2005-10-01;RESIDENCIAL;2247606.75
2005-10-01;TOTAL;8941381.639999999
2005-11-01;COMERCIAL;1526161.03
2005-11-01;INDUSTRIAL;4090785.98
2005-11-01;OUTROS;1032984.4299999999
2005-11-01;RESIDENCIAL;2192297.08
2005-11-01;TOTAL;8842228.52
2005-12-01;COMERCIAL;1551373.9000000004
2005-12-01;INDUSTRIAL;4036283.16
2005-12-01;OUTROS;994921.4099999999
2005-12-01;RESIDENCIAL;2210950.95
2005-12-01;TOTAL;8793529.42
2006-01-01;COMERCIAL;1565125.3099999998
2006-01-01;INDUSTRIAL;3856964.2400000007
2006-01-01;OUTROS;964155.98
2006-01-01;RESIDENCIAL;2255056.35
2006-01-01;TOTAL;8641301.879999999
2006-02-01;COMERCIAL;1678501.85
2006-02-01;INDUSTRIAL;4055481.62
2006-02-01;OUTROS;979635.9099999999
2006-02-01;RESIDENCIAL;2230458.0900000003
2006-02-01;TOTAL;8944077.469999999
2006-03-01;COMERCIAL;1671868.0299999998
2006-03-01;INDUSTRIAL;4198222.16
2006-03-01;OUTROS;1003757.01
2006-03-01;RESIDENCIAL;2308011.1500000004
2006-03-01;TOTAL;9181858.35
2006-04-01;COMERCIAL;1670103.9100000001
2006-04-01;INDUSTRIAL;4194942.2
2006-04-01;OUTROS;1013752.0700000002
2006-04-01;RESIDENCIAL;2320716.74
2006-04-01;TOTAL;9199514.92
2006-05-01;COMERCIAL;1506107.1800000002
2006-05-01;INDUSTRIAL;4052097.98
2006-05-01;OUTROS;1002683.46
2006-05-01;RESIDENCIAL;2276048.6200000006
2006-05-01;TOTAL;8836937.239999998
2006-06-01;COMERCIAL;1474424.2500000002
2006-06-01;INDUSTRIAL;4151300.84
2006-06-01;OUTROS;1035283.2500000001
2006-06-01;RESIDENCIAL;2327287.0700000003
2006-06-01;TOTAL;8988295.41
2006-07-01;COMERCIAL;1443153.65
2006-07-01;INDUSTRIAL;4165531.9699999997
2006-07-01;OUTROS;1028222.4900000001
2006-07-01;RESIDENCIAL;2277352.0799999996
2006-07-01;TOTAL;8914260.190000001
2006-08-01;COMERCIAL;1519629.8599999999
2006-08-01;INDUSTRIAL;4273783.4399999995
2006-08-01;OUTROS;1064597.19
2006-08-01;RESIDENCIAL;2296701.1700000004
2006-08-01;TOTAL;9154711.66
2006-09-01;COMERCIAL;1579573.5400000003
2006-09-01;INDUSTRIAL;4224977.28
2006-09-01;OUTROS;1074007.4
2006-09-01;RESIDENCIAL;2377111.22
2006-09-01;TOTAL;9255669.44
2006-10-01;COMERCIAL;1573310.03
2006-10-01;INDUSTRIAL;4280542.4
2006-10-01;OUTROS;1085478.94
2006-10-01;RESIDENCIAL;2339656.4899999998
2006-10-01;TOTAL;9278987.860000001
2006-11-01;COMERCIAL;1630453.2
2006-11-01;INDUSTRIAL;4300324.220000001
2006-11-01;OUTROS;1032419.22
2006-11-01;RESIDENCIAL;2379708.1599999997
2006-11-01;TOTAL;9342904.799999999
2006-12-01;COMERCIAL;1723986.73
2006-12-01;INDUSTRIAL;4275335.720000001
2006-12-01;OUTROS;1026539.1100000001
2006-12-01;RESIDENCIAL;2384052.7399999998
2006-12-01;TOTAL;9409914.3
2007-01-01;COMERCIAL;1646738.0
2007-01-01;INDUSTRIAL;4049589.0
2007-01-01;OUTROS;984799.0
2007-01-01;RESIDENCIAL;2440676.0
2007-01-01;TOTAL;9121802.0
2007-02-01;COMERCIAL;1684709.0
2007-02-01;INDUSTRIAL;4188532.0
2007-02-01;OUTROS;984804.0
2007-02-01;RESIDENCIAL;2351043.0
2007-02-01;TOTAL;9209088.0
2007-03-01;COMERCIAL;1748942.0
2007-03-01;INDUSTRIAL;4329715.0
2007-03-01;OUTROS;1017873.0
2007-03-01;RESIDENCIAL;2413480.0
2007-03-01;TOTAL;9510010.0
2007-04-01;COMERCIAL;1804750.0
2007-04-01;INDUSTRIAL;4507532.0
2007-04-01;OUTROS;1074758.0
2007-04-01;RESIDENCIAL;2440438.0
2007-04-01;TOTAL;9827478.0
2007-05-01;COMERCIAL;1647064.0
2007-05-01;INDUSTRIAL;4439199.0
2007-05-01;OUTROS;1071422.0
2007-05-01;RESIDENCIAL;2458210.0
2007-05-01;TOTAL;9615895.0
2007-06-01;COMERCIAL;1559608.0
2007-06-01;INDUSTRIAL;4544459.0
2007-06-01;OUTROS;1047271.0
2007-06-01;RESIDENCIAL;2378151.0
2007-06-01;TOTAL;9529489.0
2007-07-01;COMERCIAL;1522661.0
2007-07-01;INDUSTRIAL;4426115.0
2007-07-01;OUTROS;1033990.0
2007-07-01;RESIDENCIAL;2368283.0
2007-07-01;TOTAL;9351049.0
2007-08-01;COMERCIAL;1494738.0
2007-08-01;INDUSTRIAL;4488819.0
2007-08-01;OUTROS;1046043.0
2007-08-01;RESIDENCIAL;2468106.0
2007-08-01;TOTAL;9497706.0
2007-09-01;COMERCIAL;1665504.0
2007-09-01;INDUSTRIAL;4661174.0
2007-09-01;OUTROS;1136142.0
2007-09-01;RESIDENCIAL;2484697.0
2007-09-01;TOTAL;9947517.0
2007-10-01;COMERCIAL;1658788.0
2007-10-01;INDUSTRIAL;4590297.0
2007-10-01;OUTROS;1144287.0
2007-10-01;RESIDENCIAL;2472577.0
2007-10-01;TOTAL;9865949.0
2007-11-01;COMERCIAL;1742436.0
2007-11-01;INDUSTRIAL;4690139.0
2007-11-01;OUTROS;1115782.0
2007-11-01;RESIDENCIAL;2537478.0
2007-11-01;TOTAL;10085835.0
2007-12-01;COMERCIAL;1759015.0
2007-12-01;INDUSTRIAL;4536199.0
2007-12-01;OUTROS;1065680.0
2007-12-01;RESIDENCIAL;2536673.0
2007-12-01;TOTAL;9897567.0
2008-01-01;COMERCIAL;1712535.0
2008-01-01;INDUSTRIAL;4221172.0
2008-01-01;OUTROS;1038120.0
2008-01-01;RESIDENCIAL;2516197.0
2008-01-01;TOTAL;9488024.0
2008-02-01;COMERCIAL;1775224.0
2008-02-01;INDUSTRIAL;4467742.0
2008-02-01;OUTROS;1044149.0
2008-02-01;RESIDENCIAL;2624776.0
2008-02-01;TOTAL;9911891.0
2008-03-01;COMERCIAL;1740362.0
2008-03-01;INDUSTRIAL;4408751.0
2008-03-01;OUTROS;1019978.0
2008-03-01;RESIDENCIAL;2508868.0
2008-03-01;TOTAL;9677959.0
2008-04-01;COMERCIAL;1737463.0
2008-04-01;INDUSTRIAL;4470594.0
2008-04-01;OUTROS;1034596.0
2008-04-01;RESIDENCIAL;2568569.0
2008-04-01;TOTAL;9811222.0
2008-05-01;COMERCIAL;1693988.0
2008-05-01;INDUSTRIAL;4525926.0
2008-05-01;OUTROS;1039342.0
2008-05-01;RESIDENCIAL;2607143.0
2008-05-01;TOTAL;9866399.0
2008-06-01;COMERCIAL;1601754.0
2008-06-01;INDUSTRIAL;4471787.0
2008-06-01;OUTROS;1029941.0
2008-06-01;RESIDENCIAL;2557202.0
2008-06-01;TOTAL;9660684.0
2008-07-01;COMERCIAL;1611166.0
2008-07-01;INDUSTRIAL;4615994.0
2008-07-01;OUTROS;1063721.0
2008-07-01;RESIDENCIAL;2583522.0
2008-07-01;TOTAL;9874403.0
2008-08-01;COMERCIAL;1681832.0
2008-08-01;INDUSTRIAL;4763449.0
2008-08-01;OUTROS;1103115.0
2008-08-01;RESIDENCIAL;2656370.0
2008-08-01;TOTAL;10204766.0
2008-09-01;COMERCIAL;1732128.0
2008-09-01;INDUSTRIAL;4632118.0
2008-09-01;OUTROS;1144340.0
2008-09-01;RESIDENCIAL;2625711.0
2008-09-01;TOTAL;10134297.0
2008-10-01;COMERCIAL;1789872.0
2008-10-01;INDUSTRIAL;4701595.0
2008-10-01;OUTROS;1149075.0
2008-10-01;RESIDENCIAL;2734678.0
2008-10-01;TOTAL;10375220.0
2008-11-01;COMERCIAL;1859167.0
2008-11-01;INDUSTRIAL;4594345.0
2008-11-01;OUTROS;1132736.0
2008-11-01;RESIDENCIAL;2692642.0
2008-11-01;TOTAL;10278890.0
2008-12-01;COMERCIAL;1808926.0
2008-12-01;INDUSTRIAL;4159358.0
2008-12-01;OUTROS;1082481.0
2008-12-01;RESIDENCIAL;2625315.0
2008-12-01;TOTAL;9676080.0
2009-01-01;COMERCIAL;1754774.0
2009-01-01;INDUSTRIAL;3662816.0
2009-01-01;OUTROS;1058606.0
2009-01-01;RESIDENCIAL;2738453.0
2009-01-01;TOTAL;9214649.0
2009-02-01;COMERCIAL;1806503.0
2009-02-01;INDUSTRIAL;3928530.0
2009-02-01;OUTROS;1018179.0
2009-02-01;RESIDENCIAL;2618139.0
2009-02-01;TOTAL;9371351.0
2009-03-01;COMERCIAL;1934482.0
2009-03-01;INDUSTRIAL;4087697.0
2009-03-01;OUTROS;1074353.0
2009-03-01;RESIDENCIAL;2695539.0
2009-03-01;TOTAL;9792071.0
2009-04-01;COMERCIAL;1898231.0
2009-04-01;INDUSTRIAL;4168105.0
2009-04-01;OUTROS;1090516.0
2009-04-01;RESIDENCIAL;2743559.0
2009-04-01;TOTAL;9900411.0
2009-05-01;COMERCIAL;1741810.0
2009-05-01;INDUSTRIAL;4108187.0
2009-05-01;OUTROS;1078198.0
2009-05-01;RESIDENCIAL;2698563.0
2009-05-01;TOTAL;9626758.0
2009-06-01;COMERCIAL;1676350.0
2009-06-01;INDUSTRIAL;4137079.0
2009-06-01;OUTROS;1071130.0
2009-06-01;RESIDENCIAL;2657294.0
2009-06-01;TOTAL;9541853.0
2009-07-01;COMERCIAL;1629639.0
2009-07-01;INDUSTRIAL;4252347.0
2009-07-01;OUTROS;1051960.0
2009-07-01;RESIDENCIAL;2753841.0
2009-07-01;TOTAL;9687787.0
2009-08-01;COMERCIAL;1696090.0
2009-08-01;INDUSTRIAL;4386733.0
2009-08-01;OUTROS;1074517.0
2009-08-01;RESIDENCIAL;2801539.0
2009-08-01;TOTAL;9958879.0
2009-09-01;COMERCIAL;1782303.0
2009-09-01;INDUSTRIAL;4463013.0
2009-09-01;OUTROS;1109543.0
2009-09-01;RESIDENCIAL;2788227.0
2009-09-01;TOTAL;10143086.0
2009-10-01;COMERCIAL;1847923.0
2009-10-01;INDUSTRIAL;4574343.0
2009-10-01;OUTROS;1103239.0
2009-10-01;RESIDENCIAL;2796243.0
2009-10-01;TOTAL;10321748.0
2009-11-01;COMERCIAL;1918770.0
2009-11-01;INDUSTRIAL;4565298.0
2009-11-01;OUTROS;1105947.0
2009-11-01;RESIDENCIAL;2718763.0
2009-11-01;TOTAL;10308778.0
2009-12-01;COMERCIAL;2063962.0
2009-12-01;INDUSTRIAL;4276521.0
2009-12-01;OUTROS;1113637.0
2009-12-01;RESIDENCIAL;2860870.0
2009-12-01;TOTAL;10314990.0
2010-01-01;COMERCIAL;1893540.0
2010-01-01;INDUSTRIAL;3864342.0
2010-01-01;OUTROS;1081600.3
2010-01-01;RESIDENCIAL;2824219.0
2010-01-01;TOTAL;9663701.3
2010-02-01;COMERCIAL;1946614.0
2010-02-01;INDUSTRIAL;4371815.0
2010-02-01;OUTROS;1057157.0
2010-02-01;RESIDENCIAL;2753910.0
2010-02-01;TOTAL;10129496.0
2010-03-01;COMERCIAL;2021962.0
2010-03-01;INDUSTRIAL;4485528.0
2010-03-01;OUTROS;1097932.0
2010-03-01;RESIDENCIAL;2835809.0
2010-03-01;TOTAL;10441231.0
2010-04-01;COMERCIAL;1998557.0
2010-04-01;INDUSTRIAL;4682153.0
2010-04-01;OUTROS;1132334.0
2010-04-01;RESIDENCIAL;2899400.0
2010-04-01;TOTAL;10712444.0
2010-05-01;COMERCIAL;1873228.0
2010-05-01;INDUSTRIAL;4550424.0
2010-05-01;OUTROS;1111725.0
2010-05-01;RESIDENCIAL;2794865.0
2010-05-01;TOTAL;10330242.0
2010-06-01;COMERCIAL;1782244.0
2010-06-01;INDUSTRIAL;4666532.0
2010-06-01;OUTROS;1104991.0
2010-06-01;RESIDENCIAL;2795205.0
2010-06-01;TOTAL;10348972.0
2010-07-01;COMERCIAL;1707790.0
2010-07-01;INDUSTRIAL;4604799.0
2010-07-01;OUTROS;1129714.0
2010-07-01;RESIDENCIAL;2721713.0
2010-07-01;TOTAL;10164016.0
2010-08-01;COMERCIAL;1834983.0
2010-08-01;INDUSTRIAL;4728386.0
2010-08-01;OUTROS;1190660.0
2010-08-01;RESIDENCIAL;2959164.0
2010-08-01;TOTAL;10713193.0
2010-09-01;COMERCIAL;1902262.0
2010-09-01;INDUSTRIAL;4748770.0
2010-09-01;OUTROS;1254817.0
2010-09-01;RESIDENCIAL;2936292.0
2010-09-01;TOTAL;10842141.0
2010-10-01;COMERCIAL;1881170.0
2010-10-01;INDUSTRIAL;4659799.0
2010-10-01;OUTROS;1171063.0
2010-10-01;RESIDENCIAL;2889998.0
2010-10-01;TOTAL;10602030.0
2010-11-01;COMERCIAL;1916409.0
2010-11-01;INDUSTRIAL;4717005.0
2010-11-01;OUTROS;1146840.0
2010-11-01;RESIDENCIAL;2870500.0
2010-11-01;TOTAL;10650754.0
2010-12-01;COMERCIAL;2108546.0
2010-12-01;INDUSTRIAL;4700429.0
2010-12-01;OUTROS;1164369.0
2010-12-01;RESIDENCIAL;2933031.0
2010-12-01;TOTAL;10906375.0
2011-01-01;COMERCIAL;2041243.0
2011-01-01;INDUSTRIAL;4325401.0
2011-01-01;OUTROS;1141411.0
2011-01-01;RESIDENCIAL;3044638.0
2011-01-01;TOTAL;10552693.0
2011-02-01;COMERCIAL;2132679.0
2011-02-01;INDUSTRIAL;4511015.0
2011-02-01;OUTROS;1108844.0
2011-02-01;RESIDENCIAL;2950718.0
2011-02-01;TOTAL;10703256.0
2011-03-01;COMERCIAL;2109646.0
2011-03-01;INDUSTRIAL;4600271.0
2011-03-01;OUTROS;1160418.0
2011-03-01;RESIDENCIAL;2989099.0
2011-03-01;TOTAL;10859434.0
2011-04-01;COMERCIAL;2101063.0
2011-04-01;INDUSTRIAL;4742962.0
2011-04-01;OUTROS;1154350.0
2011-04-01;RESIDENCIAL;2922397.0
2011-04-01;TOTAL;10920772.0
2011-05-01;COMERCIAL;1976148.0
2011-05-01;INDUSTRIAL;4581192.0
2011-05-01;OUTROS;1145291.0
2011-05-01;RESIDENCIAL;2909346.0
2011-05-01;TOTAL;10611977.0
2011-06-01;COMERCIAL;1881431.0
2011-06-01;INDUSTRIAL;4710674.0
2011-06-01;OUTROS;1143179.0
2011-06-01;RESIDENCIAL;2924865.0
2011-06-01;TOTAL;10660149.0
2011-07-01;COMERCIAL;1854040.0
2011-07-01;INDUSTRIAL;4658259.0
2011-07-01;OUTROS;1147917.0
2011-07-01;RESIDENCIAL;3002206.0
2011-07-01;TOTAL;10662422.0
2011-08-01;COMERCIAL;1920489.0
2011-08-01;INDUSTRIAL;4785977.0
2011-08-01;OUTROS;1208762.0
2011-08-01;RESIDENCIAL;3006602.0
2011-08-01;TOTAL;10921830.0
2011-09-01;COMERCIAL;2042227.0
2011-09-01;INDUSTRIAL;4849895.0
2011-09-01;OUTROS;1279421.0
2011-09-01;RESIDENCIAL;3137864.0
2011-09-01;TOTAL;11309407.0
2011-10-01;COMERCIAL;2026703.0
2011-10-01;INDUSTRIAL;4755915.0
2011-10-01;OUTROS;1242182.0
2011-10-01;RESIDENCIAL;3027007.0
2011-10-01;TOTAL;11051807.0
2011-11-01;COMERCIAL;2052934.0
2011-11-01;INDUSTRIAL;4783764.0
2011-11-01;OUTROS;1203081.0
2011-11-01;RESIDENCIAL;2998118.0
2011-11-01;TOTAL;11037897.0
2011-12-01;COMERCIAL;2114706.0
2011-12-01;INDUSTRIAL;4683940.0
2011-12-01;OUTROS;1186852.0
2011-12-01;RESIDENCIAL;3005043.0
2011-12-01;TOTAL;10990541.0
2012-01-01;COMERCIAL;2089022.0
2012-01-01;INDUSTRIAL;4352532.0
2012-01-01;OUTROS;1140907.0
2012-01-01;RESIDENCIAL;3078192.0
2012-01-01;TOTAL;10660653.0
2012-02-01;COMERCIAL;2127238.0
2012-02-01;INDUSTRIAL;4566183.0
2012-02-01;OUTROS;1169036.0
2012-02-01;RESIDENCIAL;3051458.0
2012-02-01;TOTAL;10913915.0
2012-03-01;COMERCIAL;2302532.0
2012-03-01;INDUSTRIAL;4671720.0
2012-03-01;OUTROS;1206087.0
2012-03-01;RESIDENCIAL;3184244.0
2012-03-01;TOTAL;11364583.0
2012-04-01;COMERCIAL;2306903.0
2012-04-01;INDUSTRIAL;4840517.0
2012-04-01;OUTROS;1264215.0
2012-04-01;RESIDENCIAL;3238470.0
2012-04-01;TOTAL;11650105.0
2012-05-01;COMERCIAL;2064179.0
2012-05-01;INDUSTRIAL;4607812.0
2012-05-01;OUTROS;1183965.0
2012-05-01;RESIDENCIAL;3039117.0
2012-05-01;TOTAL;10895073.0
2012-06-01;COMERCIAL;2061323.0
2012-06-01;INDUSTRIAL;4687585.0
2012-06-01;OUTROS;1183327.0
2012-06-01;RESIDENCIAL;3163701.0
2012-06-01;TOTAL;11095936.0
2012-07-01;COMERCIAL;1921554.0
2012-07-01;INDUSTRIAL;4542028.0
2012-07-01;OUTROS;1117726.0
2012-07-01;RESIDENCIAL;3002898.0
2012-07-01;TOTAL;10584206.0
2012-08-01;COMERCIAL;2003427.0
2012-08-01;INDUSTRIAL;4686548.0
2012-08-01;OUTROS;1184523.0
2012-08-01;RESIDENCIAL;3095647.0
2012-08-01;TOTAL;10970145.0
2012-09-01;COMERCIAL;2177204.0
2012-09-01;INDUSTRIAL;4765761.0
2012-09-01;OUTROS;1320300.0
2012-09-01;RESIDENCIAL;3216773.0
2012-09-01;TOTAL;11480038.0
2012-10-01;COMERCIAL;2155608.0
2012-10-01;INDUSTRIAL;4697326.0
2012-10-01;OUTROS;1276366.0
2012-10-01;RESIDENCIAL;3142063.0
2012-10-01;TOTAL;11271363.0
2012-11-01;COMERCIAL;2353543.0
2012-11-01;INDUSTRIAL;4740378.0
2012-11-01;OUTROS;1291390.0
2012-11-01;RESIDENCIAL;3296854.0
2012-11-01;TOTAL;11682165.0
2012-12-01;COMERCIAL;2308213.0
2012-12-01;INDUSTRIAL;4469961.0
2012-12-01;OUTROS;1225006.0
2012-12-01;RESIDENCIAL;3170896.0
2012-12-01;TOTAL;11174076.0
2013-01-01;COMERCIAL;2324194.0
2013-01-01;INDUSTRIAL;4257677.0
2013-01-01;OUTROS;1200871.0
2013-01-01;RESIDENCIAL;3336894.0
2013-01-01;TOTAL;11119636.0
2013-02-01;COMERCIAL;2292030.0
2013-02-01;INDUSTRIAL;4624135.0
2013-02-01;OUTROS;1157724.0
2013-02-01;RESIDENCIAL;3293154.0
2013-02-01;TOTAL;11367043.0
2013-03-01;COMERCIAL;2327055.0
2013-03-01;INDUSTRIAL;4580020.0
2013-03-01;OUTROS;1191237.0
2013-03-01;RESIDENCIAL;3178704.0
2013-03-01;TOTAL;11277016.0
2013-04-01;COMERCIAL;2276594.0
2013-04-01;INDUSTRIAL;4714130.0
2013-04-01;OUTROS;1213844.0
2013-04-01;RESIDENCIAL;3223864.0
2013-04-01;TOTAL;11428432.0
2013-05-01;COMERCIAL;2192384.0
2013-05-01;INDUSTRIAL;4710262.0
2013-05-01;OUTROS;1225184.0
2013-05-01;RESIDENCIAL;3196726.0
2013-05-01;TOTAL;11324556.0
2013-06-01;COMERCIAL;2122055.0
2013-06-01;INDUSTRIAL;4611653.0
2013-06-01;OUTROS;1203440.0
2013-06-01;RESIDENCIAL;3212287.0
2013-06-01;TOTAL;11149435.0
2013-07-01;COMERCIAL;2071810.0
2013-07-01;INDUSTRIAL;4591068.0
2013-07-01;OUTROS;1186133.0
2013-07-01;RESIDENCIAL;3160677.0
2013-07-01;TOTAL;11009688.0
2013-08-01;COMERCIAL;2068582.0
2013-08-01;INDUSTRIAL;4690540.0
2013-08-01;OUTROS;1192028.0
2013-08-01;RESIDENCIAL;3218118.0
2013-08-01;TOTAL;11169268.0
2013-09-01;COMERCIAL;2231529.0
2013-09-01;INDUSTRIAL;4673717.0
2013-09-01;OUTROS;1284257.0
2013-09-01;RESIDENCIAL;3222768.0
2013-09-01;TOTAL;11412271.0
2013-10-01;COMERCIAL;2331562.0
2013-10-01;INDUSTRIAL;4730486.0
2013-10-01;OUTROS;1269462.0
2013-10-01;RESIDENCIAL;3237625.0
2013-10-01;TOTAL;11569135.0
2013-11-01;COMERCIAL;2462167.0
2013-11-01;INDUSTRIAL;4787642.0
2013-11-01;OUTROS;1277194.0
2013-11-01;RESIDENCIAL;3273022.0
2013-11-01;TOTAL;11800025.0
2013-12-01;COMERCIAL;2563194.0
2013-12-01;INDUSTRIAL;4579086.0
2013-12-01;OUTROS;1246709.0
2013-12-01;RESIDENCIAL;3228839.0
2013-12-01;TOTAL;11617828.0
2014-01-01;COMERCIAL;2599179.0
2014-01-01;INDUSTRIAL;4187957.0
2014-01-01;OUTROS;1271555.0
2014-01-01;RESIDENCIAL;3461696.0
2014-01-01;TOTAL;11520387.0
2014-02-01;COMERCIAL;2765679.0
2014-02-01;INDUSTRIAL;4551544.0
2014-02-01;OUTROS;1323642.0
2014-02-01;RESIDENCIAL;3496627.0
2014-02-01;TOTAL;12137492.0
2014-03-01;COMERCIAL;2595727.0
2014-03-01;INDUSTRIAL;4553560.0
2014-03-01;OUTROS;1254630.0
2014-03-01;RESIDENCIAL;3315447.0
2014-03-01;TOTAL;11719364.0
2014-04-01;COMERCIAL;2526917.0
2014-04-01;INDUSTRIAL;4540009.0
2014-04-01;OUTROS;1258289.0
2014-04-01;RESIDENCIAL;3225417.0
2014-04-01;TOTAL;11550632.0
2014-05-01;COMERCIAL;2428985.0
2014-05-01;INDUSTRIAL;4445981.0
2014-05-01;OUTROS;1253642.0
2014-05-01;RESIDENCIAL;3254318.0
2014-05-01;TOTAL;11382926.0
2014-06-01;COMERCIAL;2203224.0
2014-06-01;INDUSTRIAL;4272043.0
2014-06-01;OUTROS;1203152.0
2014-06-01;RESIDENCIAL;3056443.0
2014-06-01;TOTAL;10734862.0
2014-07-01;COMERCIAL;2209235.0
2014-07-01;INDUSTRIAL;4052978.0
2014-07-01;OUTROS;1219769.0
2014-07-01;RESIDENCIAL;3216509.0
2014-07-01;TOTAL;10698491.0
2014-08-01;COMERCIAL;2274013.0
2014-08-01;INDUSTRIAL;4304583.0
2014-08-01;OUTROS;1248290.0
2014-08-01;RESIDENCIAL;3220868.0
2014-08-01;TOTAL;11047754.0
2014-09-01;COMERCIAL;2333861.0
2014-09-01;INDUSTRIAL;4262281.0
2014-09-01;OUTROS;1281341.0
2014-09-01;RESIDENCIAL;3169411.0
2014-09-01;TOTAL;11046894.0
2014-10-01;COMERCIAL;2489951.0
2014-10-01;INDUSTRIAL;4231928.0
2014-10-01;OUTROS;1322074.0
2014-10-01;RESIDENCIAL;3334939.0
2014-10-01;TOTAL;11378892.0
2014-11-01;COMERCIAL;2620545.0
2014-11-01;INDUSTRIAL;4535189.0
2014-11-01;OUTROS;1314855.0
2014-11-01;RESIDENCIAL;3421444.0
2014-11-01;TOTAL;11892033.0
2014-12-01;COMERCIAL;2547228.0
2014-12-01;INDUSTRIAL;4315733.0
2014-12-01;OUTROS;1244792.0
2014-12-01;RESIDENCIAL;3264325.0
2014-12-01;TOTAL;11372078.0
2015-01-01;COMERCIAL;2628729.0
2015-01-01;INDUSTRIAL;3883529.0
2015-01-01;OUTROS;1233658.0
2015-01-01;RESIDENCIAL;3735760.0
2015-01-01;TOTAL;11481676.0
2015-02-01;COMERCIAL;2633359.0
2015-02-01;INDUSTRIAL;4235359.0
2015-02-01;OUTROS;1240489.0
2015-02-01;RESIDENCIAL;3398284.0
2015-02-01;TOTAL;11507491.0
2015-03-01;COMERCIAL;2546422.0
2015-03-01;INDUSTRIAL;4186573.0
2015-03-01;OUTROS;1186361.0
2015-03-01;RESIDENCIAL;3111987.0
2015-03-01;TOTAL;11031343.0
2015-04-01;COMERCIAL;2598202.0
2015-04-01;INDUSTRIAL;4323093.0
2015-04-01;OUTROS;1210862.0
2015-04-01;RESIDENCIAL;3138293.0
2015-04-01;TOTAL;11270450.0
2015-05-01;COMERCIAL;2391126.0
2015-05-01;INDUSTRIAL;4117284.52
2015-05-01;OUTROS;1182639.0
2015-05-01;RESIDENCIAL;3061472.0
2015-05-01;TOTAL;10752521.52
2015-06-01;COMERCIAL;2283526.0
2015-06-01;INDUSTRIAL;4063230.0
2015-06-01;OUTROS;1156484.0
2015-06-01;RESIDENCIAL;2883429.0
2015-06-01;TOTAL;10386669.0
2015-07-01;COMERCIAL;2201113.0
2015-07-01;INDUSTRIAL;3953982.0
2015-07-01;OUTROS;1163735.0
2015-07-01;RESIDENCIAL;2996482.0
2015-07-01;TOTAL;10315312.0
2015-08-01;COMERCIAL;2255344.0
2015-08-01;INDUSTRIAL;4073278.0
2015-08-01;OUTROS;1212376.0
2015-08-01;RESIDENCIAL;3043716.0
2015-08-01;TOTAL;10584714.0
2015-09-01;COMERCIAL;2252327.0
2015-09-01;INDUSTRIAL;4013939.0
2015-09-01;OUTROS;1235206.0
2015-09-01;RESIDENCIAL;3012224.0
2015-09-01;TOTAL;10513696.0
2015-10-01;COMERCIAL;2467949.0
2015-10-01;INDUSTRIAL;4033541.6
2015-10-01;OUTROS;1279478.0
2015-10-01;RESIDENCIAL;3261673.0
2015-10-01;TOTAL;11042641.6
2015-11-01;COMERCIAL;2532951.0
2015-11-01;INDUSTRIAL;4077415.0
2015-11-01;OUTROS;1251083.0
2015-11-01;RESIDENCIAL;3179977.0
2015-11-01;TOTAL;11041426.0
2015-12-01;COMERCIAL;2558581.0
2015-12-01;INDUSTRIAL;3931655.0
2015-12-01;OUTROS;1214220.0
2015-12-01;RESIDENCIAL;3182336.0
2015-12-01;TOTAL;10886792.0
2016-01-01;COMERCIAL;2513727.0
2016-01-01;INDUSTRIAL;3475161.0
2016-01-01;OUTROS;1181249.0
2016-01-01;RESIDENCIAL;3307601.0
2016-01-01;TOTAL;10477738.0
2016-02-01;COMERCIAL;2493505.0
2016-02-01;INDUSTRIAL;3823308.0
2016-02-01;OUTROS;1174434.0
2016-02-01;RESIDENCIAL;3244949.0
2016-02-01;TOTAL;10736196.0
2016-03-01;COMERCIAL;2452440.0
2016-03-01;INDUSTRIAL;3918019.0
2016-03-01;OUTROS;1211445.0
2016-03-01;RESIDENCIAL;3198702.0
2016-03-01;TOTAL;10780606.0
2016-04-01;COMERCIAL;2635436.0
2016-04-01;INDUSTRIAL;3977942.0
2016-04-01;OUTROS;1254542.0
2016-04-01;RESIDENCIAL;3442383.0
2016-04-01;TOTAL;11310303.0
2016-05-01;COMERCIAL;2372761.0
2016-05-01;INDUSTRIAL;3862425.0
2016-05-01;OUTROS;1234955.0
2016-05-01;RESIDENCIAL;3109396.0
2016-05-01;TOTAL;10579537.0
2016-06-01;COMERCIAL;2142729.0
2016-06-01;INDUSTRIAL;3876965.0
2016-06-01;OUTROS;1166989.0
2016-06-01;RESIDENCIAL;3044937.0
2016-06-01;TOTAL;10231620.0
2016-07-01;COMERCIAL;2126062.0
2016-07-01;INDUSTRIAL;3939962.0
2016-07-01;OUTROS;1159312.0
2016-07-01;RESIDENCIAL;3071357.0
2016-07-01;TOTAL;10296693.0
2016-08-01;COMERCIAL;2104782.0
2016-08-01;INDUSTRIAL;3964950.0
2016-08-01;OUTROS;1228681.0
2016-08-01;RESIDENCIAL;3011324.0
2016-08-01;TOTAL;10309737.0
2016-09-01;COMERCIAL;2210243.0
2016-09-01;INDUSTRIAL;3956388.0
2016-09-01;OUTROS;1252280.0
2016-09-01;RESIDENCIAL;3153986.0
2016-09-01;TOTAL;10572897.0
2016-10-01;COMERCIAL;2184559.0
2016-10-01;INDUSTRIAL;3923778.0
2016-10-01;OUTROS;1267574.0
2016-10-01;RESIDENCIAL;3110775.0
2016-10-01;TOTAL;10486686.0
2016-11-01;COMERCIAL;2326983.0
2016-11-01;INDUSTRIAL;3942363.0
2016-11-01;OUTROS;1246304.0
2016-11-01;RESIDENCIAL;3171590.0
2016-11-01;TOTAL;10687240.0
2016-12-01;COMERCIAL;2393933.0
2016-12-01;INDUSTRIAL;3846586.0
2016-12-01;OUTROS;1236610.0
2016-12-01;RESIDENCIAL;3224289.0
2016-12-01;TOTAL;10701418.0
2017-01-01;COMERCIAL;2488983.0
2017-01-01;INDUSTRIAL;3561122.0
2017-01-01;OUTROS;1201644.0
2017-01-01;RESIDENCIAL;3418496.0
2017-01-01;TOTAL;10670245.0
2017-02-01;COMERCIAL;2458074.0
2017-02-01;INDUSTRIAL;3805638.0
2017-02-01;OUTROS;1168512.0
2017-02-01;RESIDENCIAL;3191539.0
2017-02-01;TOTAL;10623763.0
2017-03-01;COMERCIAL;2534601.0
2017-03-01;INDUSTRIAL;3825855.0
2017-03-01;OUTROS;1252482.0
2017-03-01;RESIDENCIAL;3443812.0
2017-03-01;TOTAL;11056750.0
2017-04-01;COMERCIAL;2501492.0
2017-04-01;INDUSTRIAL;4094050.0
2017-04-01;OUTROS;1263338.0
2017-04-01;RESIDENCIAL;3238209.0
2017-04-01;TOTAL;11097089.0
2017-05-01;COMERCIAL;2265399.0
2017-05-01;INDUSTRIAL;3799642.0
2017-05-01;OUTROS;1240091.0
2017-05-01;RESIDENCIAL;3212906.0
2017-05-01;TOTAL;10518038.0
2017-06-01;COMERCIAL;2218787.0
2017-06-01;INDUSTRIAL;3992120.24
2017-06-01;OUTROS;1216372.0
2017-06-01;RESIDENCIAL;3122230.0
2017-06-01;TOTAL;10549509.24
2017-07-01;COMERCIAL;2131486.0
2017-07-01;INDUSTRIAL;3966821.0
2017-07-01;OUTROS;1187073.0
2017-07-01;RESIDENCIAL;3150624.0
2017-07-01;TOTAL;10436004.0
2017-08-01;COMERCIAL;2062740.0
2017-08-01;INDUSTRIAL;4002919.76
2017-08-01;OUTROS;1242297.0
2017-08-01;RESIDENCIAL;3010047.0
2017-08-01;TOTAL;10318003.76
2017-09-01;COMERCIAL;2291476.0
2017-09-01;INDUSTRIAL;4170485.0
2017-09-01;OUTROS;1335192.0
2017-09-01;RESIDENCIAL;3316934.0
2017-09-01;TOTAL;11114087.0
2017-10-01;COMERCIAL;2365924.0
2017-10-01;INDUSTRIAL;4020130.0
2017-10-01;OUTROS;1325990.0
2017-10-01;RESIDENCIAL;3262909.0
2017-10-01;TOTAL;10974953.0
2017-11-01;COMERCIAL;2399714.0
2017-11-01;INDUSTRIAL;4154674.0
2017-11-01;OUTROS;1271411.0
2017-11-01;RESIDENCIAL;3277767.0
2017-11-01;TOTAL;11103566.0
2017-12-01;COMERCIAL;2467771.0
2017-12-01;INDUSTRIAL;4091197.0
2017-12-01;OUTROS;1262726.0
2017-12-01;RESIDENCIAL;3323375.0
2017-12-01;TOTAL;11145069.0
2018-01-01;COMERCIAL;2414373.8699999996
2018-01-01;INDUSTRIAL;3897664.9399999995
2018-01-01;OUTROS;1208680.8499999999
2018-01-01;RESIDENCIAL;3366667.17
2018-01-01;TOTAL;10887386.83
2018-02-01;COMERCIAL;2457863.0799999996
2018-02-01;INDUSTRIAL;3951475.13
2018-02-01;OUTROS;1178243.06
2018-02-01;RESIDENCIAL;3339408.12
2018-02-01;TOTAL;10926989.389999999
2018-03-01;COMERCIAL;2529178.5100000002
2018-03-01;INDUSTRIAL;4235006.94
2018-03-01;OUTROS;1268672.8299999998
2018-03-01;RESIDENCIAL;3457753.28
2018-03-01;TOTAL;11490611.560000002
2018-04-01;COMERCIAL;2582438.24
2018-04-01;INDUSTRIAL;4134608.25
2018-04-01;OUTROS;1288925.98
2018-04-01;RESIDENCIAL;3489463.34
2018-04-01;TOTAL;11495435.81
2018-05-01;COMERCIAL;2384676.44
2018-05-01;INDUSTRIAL;3961238.9699999997
2018-05-01;OUTROS;1299296.68
2018-05-01;RESIDENCIAL;3312546.99
2018-05-01;TOTAL;10957759.079999998
2018-06-01;COMERCIAL;2221854.3200000003
2018-06-01;INDUSTRIAL;3954501.0900000003
2018-06-01;OUTROS;1276147.06
2018-06-01;RESIDENCIAL;3257080.46
2018-06-01;TOTAL;10709582.93
2018-07-01;COMERCIAL;2170348.46
2018-07-01;INDUSTRIAL;4107706.78
2018-07-01;OUTROS;1279714.19
2018-07-01;RESIDENCIAL;3191665.2099999995
2018-07-01;TOTAL;10749434.640000002
2018-08-01;COMERCIAL;2131667.71
2018-08-01;INDUSTRIAL;4181548.7199999997
2018-08-01;OUTROS;1267749.56
2018-08-01;RESIDENCIAL;3069413.13
2018-08-01;TOTAL;10650379.12
2018-09-01;COMERCIAL;2279357.25
2018-09-01;INDUSTRIAL;4111728.85
2018-09-01;OUTROS;1330102.7499999998
2018-09-01;RESIDENCIAL;3350093.4200000004
2018-09-01;TOTAL;11071282.270000001
2018-10-01;COMERCIAL;2310430.31
2018-10-01;INDUSTRIAL;4198149.84
2018-10-01;OUTROS;1299284.7800000003
2018-10-01;RESIDENCIAL;3253356.0
2018-10-01;TOTAL;11061220.930000002
2018-11-01;COMERCIAL;2427938.65
2018-11-01;INDUSTRIAL;4171860.1
2018-11-01;OUTROS;1286682.05
2018-11-01;RESIDENCIAL;3411417.42
2018-11-01;TOTAL;11297898.22
2018-12-01;COMERCIAL;2498087.51
2018-12-01;INDUSTRIAL;3899773.39
2018-12-01;OUTROS;1313900.2300000002
2018-12-01;RESIDENCIAL;3425288.89
2018-12-01;TOTAL;11137050.02
2019-01-01;COMERCIAL;2630107.51
2019-01-01;INDUSTRIAL;3868923.42
2019-01-01;OUTROS;1190879.41
2019-01-01;RESIDENCIAL;3744559.2299999995
2019-01-01;TOTAL;11434469.570000002
2019-02-01;COMERCIAL;2664087.5000000005
2019-02-01;INDUSTRIAL;3958057.2699999996
2019-02-01;OUTROS;1226894.2
2019-02-01;RESIDENCIAL;3642284.25
2019-02-01;TOTAL;11491323.22
2019-03-01;COMERCIAL;2600166.77
2019-03-01;INDUSTRIAL;3984284.66
2019-03-01;OUTROS;1215994.49
2019-03-01;RESIDENCIAL;3516365.31
2019-03-01;TOTAL;11316811.230000002
2019-04-01;COMERCIAL;2507062.95
2019-04-01;INDUSTRIAL;3986721.55
2019-04-01;OUTROS;1198041.0000000002
2019-04-01;RESIDENCIAL;3328708.8
2019-04-01;TOTAL;11020534.299999997
2019-05-01;COMERCIAL;2519081.64
2019-05-01;INDUSTRIAL;4032657.4
2019-05-01;OUTROS;1223035.2000000002
2019-05-01;RESIDENCIAL;3457485.81
2019-05-01;TOTAL;11232260.049999999
2019-06-01;COMERCIAL;2264763.16
2019-06-01;INDUSTRIAL;3939671.44
2019-06-01;OUTROS;1144469.6199999999
2019-06-01;RESIDENCIAL;3207913.8799999994
2019-06-01;TOTAL;10556818.100000001
2019-07-01;COMERCIAL;2161769.74
2019-07-01;INDUSTRIAL;3886074.96
2019-07-01;OUTROS;1146043.61
2019-07-01;RESIDENCIAL;3175923.4300000006
2019-07-01;TOTAL;10369811.739999998
2019-08-01;COMERCIAL;2176106.9899999998
2019-08-01;INDUSTRIAL;3940191.5100000002
2019-08-01;OUTROS;1155195.1800000002
2019-08-01;RESIDENCIAL;3182353.8099999996
2019-08-01;TOTAL;10453847.49
2019-09-01;COMERCIAL;2301143.2399999998
2019-09-01;INDUSTRIAL;4007648.78
2019-09-01;OUTROS;1206727.75
2019-09-01;RESIDENCIAL;3305429.14
2019-09-01;TOTAL;10820948.91
2019-10-01;COMERCIAL;2525545.9000000004
2019-10-01;INDUSTRIAL;4138191.7800000003
2019-10-01;OUTROS;1277984.1199999999
2019-10-01;RESIDENCIAL;3536855.91
2019-10-01;TOTAL;11478577.709999999
2019-11-01;COMERCIAL;2643747.28
2019-11-01;INDUSTRIAL;4081823.9600000004
2019-11-01;OUTROS;1286986.07
2019-11-01;RESIDENCIAL;3601006.52
2019-11-01;TOTAL;11613563.83
2019-12-01;COMERCIAL;2581117.43
2019-12-01;INDUSTRIAL;3811381.91
2019-12-01;OUTROS;1216074.0499999998
2019-12-01;RESIDENCIAL;3450850.69
2019-12-01;TOTAL;11059424.079999998
2020-01-01;COMERCIAL;2546452.2800000007
2020-01-01;INDUSTRIAL;3660931.88
2020-01-01;OUTROS;1266805.8399999999
2020-01-01;RESIDENCIAL;3594571.68
2020-01-01;TOTAL;11068761.68
2020-02-01;COMERCIAL;2550960.73
2020-02-01;INDUSTRIAL;3923294.92
2020-02-01;OUTROS;1196249.97
2020-02-01;RESIDENCIAL;3428472.41
2020-02-01;TOTAL;11098978.029999997
2020-03-01;COMERCIAL;2479818.65
2020-03-01;INDUSTRIAL;3994239.29
2020-03-01;OUTROS;1275162.09
2020-03-01;RESIDENCIAL;3460676.63
2020-03-01;TOTAL;11209896.66
2020-04-01;COMERCIAL;2070444.9800000002
2020-04-01;INDUSTRIAL;3388877.3
2020-04-01;OUTROS;1247600.3599999999
2020-04-01;RESIDENCIAL;3342502.11
2020-04-01;TOTAL;10049424.75
2020-05-01;COMERCIAL;1855630.25
2020-05-01;INDUSTRIAL;3104146.0199999996
2020-05-01;OUTROS;1223883.69
2020-05-01;RESIDENCIAL;3267614.96
2020-05-01;TOTAL;9451274.92
2020-06-01;COMERCIAL;1727508.5000000002
2020-06-01;INDUSTRIAL;3327897.6199999996
2020-06-01;OUTROS;1181767.4899999998
2020-06-01;RESIDENCIAL;3318000.0399999996
2020-06-01;TOTAL;9555173.65
2020-07-01;COMERCIAL;1838304.82
2020-07-01;INDUSTRIAL;3705989.56
2020-07-01;OUTROS;1214356.8200000003
2020-07-01;RESIDENCIAL;3447358.2700000005
2020-07-01;TOTAL;10206009.47
2020-08-01;COMERCIAL;1954212.6900000002
2020-08-01;INDUSTRIAL;4007568.6799999997
2020-08-01;OUTROS;1294743.8300000003
2020-08-01;RESIDENCIAL;3463066.56
2020-08-01;TOTAL;10719591.76
2020-09-01;COMERCIAL;2098762.42
2020-09-01;INDUSTRIAL;4155857.2600000007
2020-09-01;OUTROS;1327913.5999999999
2020-09-01;RESIDENCIAL;3524277.9999999995
2020-09-01;TOTAL;11106811.280000001
2020-10-01;COMERCIAL;2348592.37
2020-10-01;INDUSTRIAL;4277901.390000001
2020-10-01;OUTROS;1334987.73
2020-10-01;RESIDENCIAL;3776131.63
2020-10-01;TOTAL;11737613.12
2020-11-01;COMERCIAL;2279422.62
2020-11-01;INDUSTRIAL;4258639.739999999
2020-11-01;OUTROS;1270678.08
2020-11-01;RESIDENCIAL;3610007.1599999997
2020-11-01;TOTAL;11418747.599999998
2020-12-01;COMERCIAL;2381197.0000000005
2020-12-01;INDUSTRIAL;4154898.16
2020-12-01;OUTROS;1214121.53
2020-12-01;RESIDENCIAL;3851949.72
2020-12-01;TOTAL;11602166.410000002
2021-01-01;COMERCIAL;2517316.56
2021-01-01;INDUSTRIAL;4228676.06
2021-01-01;OUTROS;1268579.46
2021-01-01;RESIDENCIAL;3925311.3299999996
2021-01-01;TOTAL;11939883.409999998
2021-02-01;COMERCIAL;2449851.3400000003
2021-02-01;INDUSTRIAL;4153972.6
2021-02-01;OUTROS;1284955.06
2021-02-01;RESIDENCIAL;3622261.98
2021-02-01;TOTAL;11511040.980000002
2021-03-01;COMERCIAL;2842043.66
2021-03-01;INDUSTRIAL;4521947.959999999
2021-03-01;OUTROS;1353970.531
2021-03-01;RESIDENCIAL;3726261.17
2021-03-01;TOTAL;12444223.320999999
2021-04-01;COMERCIAL;2304666.98
2021-04-01;INDUSTRIAL;4330063.119999999
2021-04-01;OUTROS;1319684.69
2021-04-01;RESIDENCIAL;3750048.3200000003
2021-04-01;TOTAL;11704463.110000001
2021-05-01;COMERCIAL;2085995.43
2021-05-01;INDUSTRIAL;4135650.3699999996
2021-05-01;OUTROS;1306728.6400000001
2021-05-01;RESIDENCIAL;3430489.48
2021-05-01;TOTAL;10958863.92
2021-06-01;COMERCIAL;2096847.97
2021-06-01;INDUSTRIAL;4195768.17
2021-06-01;OUTROS;1281384.88
2021-06-01;RESIDENCIAL;3324784.7800000003
2021-06-01;TOTAL;10898785.8
2021-07-01;COMERCIAL;2030064.4300000002
2021-07-01;INDUSTRIAL;4211475.64
2021-07-01;OUTROS;1247254.379
2021-07-01;RESIDENCIAL;3339974.8499999996
2021-07-01;TOTAL;10828769.299
2021-08-01;COMERCIAL;2036756.84
2021-08-01;INDUSTRIAL;4250459.58
2021-08-01;OUTROS;1295600.151
2021-08-01;RESIDENCIAL;3340041.15
2021-08-01;TOTAL;10922857.720999999
2021-09-01;COMERCIAL;2255854.12
2021-09-01;INDUSTRIAL;4358339.13
2021-09-01;OUTROS;1347977.02
2021-09-01;RESIDENCIAL;3590529.63
2021-09-01;TOTAL;11552699.900000002
2021-10-01;COMERCIAL;2333937.31
2021-10-01;INDUSTRIAL;4352444.59
2021-10-01;OUTROS;1421684.53
2021-10-01;RESIDENCIAL;3473029.89
2021-10-01;TOTAL;11581096.32
2021-11-01;COMERCIAL;2302507.5100000002
2021-11-01;INDUSTRIAL;4338739.489999999
2021-11-01;OUTROS;1263359.5999999999
2021-11-01;RESIDENCIAL;3418351.6
2021-11-01;TOTAL;11322958.200000001
2021-12-01;COMERCIAL;2488039.83
2021-12-01;INDUSTRIAL;4211258.85
2021-12-01;OUTROS;1309259.0
2021-12-01;RESIDENCIAL;3685903.8700000006
2021-12-01;TOTAL;11694461.549999999
2022-01-01;COMERCIAL;2476295.38
2022-01-01;INDUSTRIAL;4091755.9
2022-01-01;OUTROS;1303916.99
2022-01-01;RESIDENCIAL;3529923.7399999998
2022-01-01;TOTAL;11401892.010000002
2022-02-01;COMERCIAL;2507639.04
2022-02-01;INDUSTRIAL;4120874.29
2022-02-01;OUTROS;1229481.9499999997
2022-02-01;RESIDENCIAL;3486158.04
2022-02-01;TOTAL;11344153.319999998
2022-03-01;COMERCIAL;2595578.46
2022-03-01;INDUSTRIAL;4292225.23
2022-03-01;OUTROS;1265843.961
2022-03-01;RESIDENCIAL;3867453.9099999997
2022-03-01;TOTAL;12021101.561
2022-04-01;COMERCIAL;2698281.39
2022-04-01;INDUSTRIAL;4435276.410000001
2022-04-01;OUTROS;1323873.6390000002
2022-04-01;RESIDENCIAL;3659876.66
2022-04-01;TOTAL;12117308.099
2022-05-01;COMERCIAL;2408867.67
2022-05-01;INDUSTRIAL;4336700.27
2022-05-01;OUTROS;1293066.22
2022-05-01;RESIDENCIAL;3420700.7
2022-05-01;TOTAL;11459334.86
2022-06-01;COMERCIAL;2223138.1399999997
2022-06-01;INDUSTRIAL;4301482.0
2022-06-01;OUTROS;1261778.09
2022-06-01;RESIDENCIAL;3334990.87
2022-06-01;TOTAL;11121389.1
2022-07-01;COMERCIAL;2224825.4699999997
2022-07-01;INDUSTRIAL;4336796.390000001
2022-07-01;OUTROS;1277333.6990000003
2022-07-01;RESIDENCIAL;3420644.9
2022-07-01;TOTAL;11259600.459
2022-08-01;COMERCIAL;2271535.7399999998
2022-08-01;INDUSTRIAL;4408070.51
2022-08-01;OUTROS;1378397.5400000003
2022-08-01;RESIDENCIAL;3376389.58
2022-08-01;TOTAL;11434393.370000001
2022-09-01;COMERCIAL;2320207.5
2022-09-01;INDUSTRIAL;4423643.75
2022-09-01;OUTROS;1308278.0699999998
2022-09-01;RESIDENCIAL;3464599.2
2022-09-01;TOTAL;11516728.520000001
2022-10-01;COMERCIAL;2256879.0300000003
2022-10-01;INDUSTRIAL;4324612.59
2022-10-01;OUTROS;1264831.76
2022-10-01;RESIDENCIAL;3478201.1
2022-10-01;TOTAL;11324524.479999999
2022-11-01;COMERCIAL;2413109.82
2022-11-01;INDUSTRIAL;4267646.859999999
2022-11-01;OUTROS;1292889.0
2022-11-01;RESIDENCIAL;3599979.2699999996
2022-11-01;TOTAL;11573624.950000001
2022-12-01;COMERCIAL;2516596.07
2022-12-01;INDUSTRIAL;4100417.9200000004
2022-12-01;OUTROS;1316331.22
2022-12-01;RESIDENCIAL;3773234.4099999997
2022-12-01;TOTAL;11706579.620000001
2023-01-01;COMERCIAL;2556736.83
2023-01-01;INDUSTRIAL;3886793.12
2023-01-01;OUTROS;1244591.2
2023-01-01;RESIDENCIAL;3597226.1399999997
2023-01-01;TOTAL;11285347.290000001
2023-02-01;COMERCIAL;2554338.8699999996
2023-02-01;INDUSTRIAL;4035667.1399999997
2023-02-01;OUTROS;1226233.391
2023-02-01;RESIDENCIAL;3681363.98
2023-02-01;TOTAL;11497603.381
2023-03-01;COMERCIAL;2643572.95
2023-03-01;INDUSTRIAL;4126732.76
2023-03-01;OUTROS;1240980.1199999999
2023-03-01;RESIDENCIAL;3885347.8999999994
2023-03-01;TOTAL;11896633.73
2023-04-01;COMERCIAL;0.0
2023-04-01;INDUSTRIAL;0.0
2023-04-01;OUTROS;0.0
2023-04-01;RESIDENCIAL;0.0
2023-04-01;TOTAL;0.0
2023-05-01;COMERCIAL;0.0
2023-05-01;INDUSTRIAL;0.0
2023-05-01;OUTROS;0.0
2023-05-01;RESIDENCIAL;0.0
2023-05-01;TOTAL;0.0
2023-06-01;COMERCIAL;0.0
2023-06-01;INDUSTRIAL;0.0
2023-06-01;OUTROS;0.0
2023-06-01;RESIDENCIAL;0.0
2023-06-01;TOTAL;0.0
2023-07-01;COMERCIAL;0.0
2023-07-01;INDUSTRIAL;0.0
2023-07-01;OUTROS;0.0
2023-07-01;RESIDENCIAL;0.0
2023-07-01;TOTAL;0.0
2023-08-01;COMERCIAL;0.0
2023-08-01;INDUSTRIAL;0.0
2023-08-01;OUTROS;0.0
2023-08-01;RESIDENCIAL;0.0
2023-08-01;TOTAL;0.0
2023-09-01;COMERCIAL;0.0
2023-09-01;INDUSTRIAL;0.0
2023-09-01;OUTROS;0.0
2023-09-01;RESIDENCIAL;0.0
2023-09-01;TOTAL;0.0
2023-10-01;COMERCIAL;0.0
2023-10-01;INDUSTRIAL;0.0
2023-10-01;OUTROS;0.0
2023-10-01;RESIDENCIAL;0.0
2023-10-01;TOTAL;0.0
2023-11-01;COMERCIAL;0.0
2023-11-01;INDUSTRIAL;0.0
2023-11-01;OUTROS;0.0
2023-11-01;RESIDENCIAL;0.0
2023-11-01;TOTAL;0.0
2023-12-01;COMERCIAL;0.0
2023-12-01;INDUSTRIAL;0.0
2023-12-01;OUTROS;0.0
2023-12-01;RESIDENCIAL;0.0
2023-12-01;TOTAL;0.0
